elapsed_time_sec,ss1,ss2,ss3,ss4
4.073e-06,0.2790247,0.38096583,0.6099661,0.4877531
0.01007528,0.27698812,0.3825648,0.60731846,0.50971
0.020067103,0.27762356,0.38368052,0.60950166,0.5161587
0.030065557,0.2766022,0.38430935,0.60968643,0.5170057
0.040063288,0.2765803,0.38382345,0.60995966,0.5181316
0.050062887,0.27725744,0.38391453,0.60926455,0.518335
0.0600631,0.27645856,0.38390273,0.6097968,0.51845914
0.07006187,0.2771705,0.38402233,0.61100537,0.5183087
0.0800624,0.27665937,0.38397276,0.609156,0.5180882
0.09006244,0.277357,0.38432667,0.60857344,0.5179386
0.10006219,0.27712446,0.38431254,0.609234,0.51878005
0.11006175,0.2768358,0.3848138,0.611409,0.51897836
0.12006234,0.27646258,0.38406754,0.61147344,0.5186206
0.13006248,0.2771175,0.38403022,0.608364,0.5178047
0.14006235,0.27652287,0.3841799,0.6082207,0.51915205
0.15006287,0.2774575,0.38409877,0.61120427,0.51896113
0.16006263,0.27644935,0.38421074,0.6095262,0.51865995
0.17006215,0.27644518,0.38421363,0.60872316,0.51803327
0.18006185,0.27644575,0.38414666,0.6102931,0.51667124
0.19006228,0.2764369,0.38453647,0.60958225,0.518949
0.20006235,0.27691135,0.38365167,0.60971266,0.5173674
0.21006256,0.27676505,0.38402617,0.6095954,0.5187204
0.22006528,0.27625608,0.38407433,0.60993963,0.5182607
0.23006263,0.2769413,0.3837228,0.6096659,0.5185024
0.24006252,0.27700955,0.38408482,0.6094196,0.51764
0.25006217,0.27696744,0.3844208,0.60931116,0.51897794
0.26006234,0.27730048,0.38384083,0.6097694,0.518476
0.2700621,0.27587363,0.38295317,0.6100277,0.5180681
0.28006145,0.2770887,0.38479897,0.6101792,0.51864696
0.2900622,0.27679297,0.38399905,0.60973686,0.51899755
0.3000612,0.27713895,0.38477615,0.6094789,0.51922935
0.31006274,0.2767383,0.38408557,0.6090739,0.5181057
0.3200618,0.27711126,0.38448924,0.61075556,0.5185195
0.33006257,0.27678055,0.38473198,0.6089074,0.51891434
0.34006205,0.27678433,0.38465434,0.610366,0.51878834
0.35006168,0.277686,0.38413036,0.60988116,0.51793
0.3600658,0.2772296,0.3833576,0.6097142,0.51826674
0.37006226,0.2767636,0.3844915,0.6097725,0.51817155
0.38006255,0.27606812,0.38390878,0.60948503,0.5183132
0.39006227,0.27686924,0.38438833,0.6096746,0.5180058
0.4000741,0.27698737,0.38398805,0.61045516,0.51770604
0.41006804,0.2767025,0.38407907,0.6098205,0.5176479
0.42006215,0.2766676,0.38422418,0.60933536,0.5182604
0.43006322,0.27633294,0.38393423,0.6095961,0.51865107
0.44006208,0.27700523,0.3843787,0.6101429,0.51820385
0.45006195,0.27800673,0.38488656,0.60978,0.5183348
0.4600634,0.27677155,0.38400507,0.6093169,0.51772046
0.4700616,0.2764836,0.384685,0.60981274,0.518265
0.48006237,0.27735978,0.38432977,0.60916036,0.51747483
0.49006236,0.27726287,0.3841147,0.60948443,0.51850945
0.5000621,0.27643344,0.38451195,0.60901695,0.5184097
0.5100626,0.2766258,0.38413966,0.6093415,0.51814735
0.52006304,0.27675623,0.38346356,0.6099502,0.5181981
0.5300614,0.27642956,0.38432145,0.607975,0.5187893
0.5400618,0.2760802,0.38435906,0.6101707,0.5182514
0.55006224,0.277024,0.3842401,0.60989827,0.5171946
0.56006175,0.27695033,0.3839642,0.6086596,0.51809627
0.5700611,0.27700698,0.38382152,0.6109614,0.5184101
0.5800618,0.2771945,0.38435134,0.6093147,0.5181606
0.59006166,0.27672362,0.38470176,0.61157376,0.51820576
0.6000624,0.2767137,0.38468188,0.60847574,0.51986325
0.6100627,0.27739903,0.38404298,0.6075619,0.5192079
0.6200634,0.27724865,0.38349637,0.6081641,0.5172443
0.6300613,0.27649128,0.38305157,0.60938644,0.5164008
0.6400622,0.27659672,0.38390833,0.6103429,0.5178983
0.650062,0.2761813,0.38425636,0.6103474,0.5173642
0.66006136,0.27640864,0.38400978,0.60904443,0.51883966
0.67006224,0.27649862,0.3836246,0.60884196,0.5170204
0.68006164,0.27638286,0.3842352,0.609347,0.51737195
0.69006157,0.2763549,0.3835381,0.6094397,0.5191528
0.70006216,0.27631482,0.3841154,0.60942304,0.51809144
0.71006185,0.27670348,0.3845772,0.60919976,0.51834404
0.72006106,0.27651232,0.38453126,0.6097937,0.5187392
0.7300619,0.27776137,0.3834422,0.6091144,0.51834637
0.7400716,0.27650526,0.38455036,0.60955423,0.51852363
0.750064,0.27750498,0.3836227,0.60993063,0.5182692
0.76006204,0.27655998,0.3847764,0.6096148,0.517568
0.7700626,0.27788222,0.38447386,0.609908,0.5177747
0.78006196,0.27626795,0.3838872,0.60844797,0.5181148
0.79006165,0.2773544,0.38465387,0.6095795,0.5179508
0.8000617,0.27690956,0.38368016,0.6094266,0.5182872
0.8100664,0.2763709,0.38387975,0.6103322,0.51903427
0.8200639,0.27710313,0.38368228,0.60932744,0.5178788
0.8300615,0.2765166,0.3834068,0.6095434,0.5182407
0.84006244,0.27641195,0.383957,0.609058,0.5176771
0.8500625,0.27715942,0.38423362,0.6090444,0.5182642
0.8600624,0.27745578,0.38397032,0.609195,0.51754624
0.87006235,0.27670726,0.3842332,0.6095743,0.5183253
0.8800622,0.2772521,0.38417083,0.60915846,0.5172734
0.89006203,0.2769214,0.38400498,0.6093817,0.51838106
0.9000735,0.27719298,0.38436782,0.609834,0.5183117
0.91006917,0.27709228,0.38377678,0.60980463,0.5183213
0.9200618,0.27718237,0.38411316,0.60914177,0.5180012
0.93006176,0.27672833,0.38426834,0.6097925,0.51821923
0.94006085,0.27633,0.38435403,0.6095287,0.51867557
0.9500618,0.2767772,0.38435096,0.60960287,0.5174787
0.9600625,0.27662897,0.38387197,0.60928863,0.51823646
0.970063,0.2764003,0.3840782,0.60881704,0.51793855
0.9800626,0.27660176,0.38422596,0.61002856,0.5185604
0.9900627,0.27622175,0.3840413,0.61063033,0.51769805
1.0000659,0.27591026,0.38445008,0.6097671,0.5185976
1.0100622,0.27579734,0.38307402,0.6099133,0.5174904
1.020062,0.27655223,0.3837896,0.60974944,0.5172701
1.0300605,0.2764097,0.38336623,0.6091163,0.5177752
1.0400628,0.2770475,0.38418862,0.6088646,0.5179542
1.0500616,0.2771303,0.38412514,0.6092212,0.5183256
1.0600624,0.27583718,0.38446298,0.6093048,0.5177033
1.0700611,0.27660143,0.38423872,0.60941654,0.51796806
1.0800618,0.27637875,0.3837418,0.6092178,0.51800495
1.0900624,0.27656874,0.38393894,0.6098007,0.5183314
1.100062,0.27615598,0.38489693,0.60950685,0.5183838
1.1100608,0.27659503,0.38387746,0.6094863,0.5179335
1.1200627,0.27734312,0.38294253,0.6094083,0.51860344
1.1300632,0.27677888,0.38434845,0.6092739,0.51843435
1.140062,0.2764554,0.383872,0.6094469,0.518146
1.1500617,0.27681515,0.38379562,0.60877264,0.51773804
1.1600616,0.2758693,0.3845871,0.6090936,0.5174941
1.1700621,0.27730516,0.3833563,0.60858536,0.5176691
1.1800618,0.2767331,0.3841474,0.60945225,0.51807946
1.1900613,0.2772534,0.38436761,0.60947734,0.51739347
1.2000618,0.2773859,0.38374573,0.6087663,0.51773214
1.2100638,0.27590972,0.38341832,0.6101847,0.5175093
1.2200614,0.27731556,0.38390794,0.6095325,0.51835114
1.2300625,0.2773826,0.3842205,0.6087349,0.51814806
1.240061,0.2764216,0.38477948,0.6097266,0.51781994
1.2500621,0.27653053,0.38432735,0.60871226,0.5182349
1.2600613,0.2776175,0.38486674,0.6085432,0.5180711
1.2700619,0.27645475,0.3839194,0.6093541,0.51773906
1.2800618,0.27691165,0.38432834,0.6091505,0.51714855
1.2900621,0.27722743,0.38392493,0.60957354,0.517469
1.3000631,0.2765016,0.3840006,0.60975754,0.5185752
1.3100613,0.27669054,0.38409355,0.6088494,0.51830095
1.3200611,0.27708957,0.38411328,0.60750395,0.51788723
1.3300622,0.27682924,0.38401258,0.61086273,0.5176959
1.3400619,0.27682057,0.38377845,0.607834,0.51739424
1.3500618,0.27673534,0.383341,0.6089834,0.5180185
1.3600813,0.27678233,0.3831248,0.60947615,0.51713085
1.3700649,0.27657938,0.38444856,0.6106822,0.51833767
1.3800615,0.27632052,0.38473746,0.6071606,0.5162031
1.3900623,0.27676395,0.3842281,0.60932523,0.5175626
1.4000783,0.2769783,0.38385722,0.6090547,0.5177555
1.4100724,0.27664545,0.38357013,0.60921896,0.5168488
1.4200633,0.2766034,0.38412017,0.6092863,0.51864684
1.4300617,0.27700037,0.38490117,0.60903096,0.5164573
1.4400624,0.2767064,0.38446155,0.6088613,0.51877934
1.4500612,0.27585596,0.38331968,0.6101709,0.5193592
1.4600626,0.27652204,0.38431156,0.6093376,0.51768935
1.4700623,0.2759085,0.38249958,0.6094284,0.51844186
1.4800626,0.27632955,0.38257238,0.60936224,0.5173731
1.4900627,0.27582482,0.3835329,0.609216,0.5180427
1.5000619,0.2769157,0.38388422,0.60881495,0.5175192
1.5100621,0.27640545,0.38434407,0.61003405,0.51796556
1.5200622,0.27622434,0.38390276,0.60960793,0.51817286
1.5300612,0.2764329,0.3840638,0.60923487,0.5176166
1.5400617,0.27692187,0.384272,0.6100903,0.5181498
1.5500612,0.27649775,0.38384354,0.6076602,0.51766545
1.5600622,0.2767382,0.38429806,0.61039746,0.5177445
1.5700614,0.27656186,0.38381603,0.60774094,0.51752007
1.5800616,0.276444,0.38462454,0.6102635,0.51768494
1.590062,0.2763322,0.3836446,0.6094164,0.51649314
1.600062,0.2773767,0.38374802,0.60832554,0.51736265
1.6100633,0.27701497,0.3835378,0.6090626,0.51947904
1.6200613,0.2765698,0.38380158,0.60896945,0.5179741
1.6300623,0.2776354,0.3846018,0.6088814,0.51893187
1.6400621,0.27677214,0.38386816,0.6086201,0.5192156
1.6500623,0.27659667,0.3837077,0.60882854,0.51575065
1.6600617,0.27667558,0.3840564,0.6087455,0.5161712
1.6700615,0.27687114,0.38414294,0.6089127,0.5177938
1.6800613,0.27671012,0.3843977,0.60903466,0.5182325
1.6900613,0.27655804,0.38439754,0.60911137,0.51721853
1.700062,0.276899,0.38403296,0.6095211,0.5174974
1.7100624,0.2769735,0.3857337,0.60919774,0.51773554
1.7200623,0.27689257,0.3847936,0.6093049,0.5175103
1.7300622,0.2770741,0.3838608,0.6096525,0.51779157
1.7400713,0.27669457,0.38391995,0.60881114,0.5175232
1.7500644,0.27648994,0.38397947,0.60903174,0.51819575
1.7600611,0.27638072,0.383643,0.60902417,0.51755095
1.7700626,0.2767958,0.38392693,0.6091131,0.5179549
1.7800612,0.2767703,0.38399863,0.6084696,0.51768684
1.7900612,0.27695855,0.38242307,0.6093242,0.51747394
1.8000871,0.27688336,0.38425696,0.6086926,0.51817787
1.8100669,0.2758234,0.3833638,0.6089372,0.5175205
1.8200634,0.27658725,0.3832997,0.60917914,0.51756465
1.8300618,0.27694327,0.38461626,0.60845155,0.51755697
1.8400623,0.276734,0.38425344,0.6087326,0.51798
1.8500617,0.27612618,0.38367242,0.60821563,0.51753443
1.8600613,0.27678823,0.38330442,0.6092575,0.5177679
1.8700622,0.27668738,0.3839991,0.6086958,0.51723325
1.8800621,0.2766111,0.38441515,0.6089159,0.5176304
1.8900619,0.27538997,0.3837131,0.6093383,0.51760215
1.9000783,0.2771189,0.38339868,0.6089621,0.5176904
1.9100767,0.27640405,0.3835981,0.60907006,0.5172208
1.9200644,0.27680057,0.3838809,0.6092018,0.518575
1.9300617,0.27712935,0.38395527,0.6087898,0.5175572
1.9400625,0.27596694,0.3829093,0.60907066,0.5172997
1.9500617,0.27682245,0.38379973,0.6088407,0.5171759
1.9600629,0.2763339,0.38358983,0.6084946,0.51736706
1.9700619,0.2767226,0.38401797,0.6087402,0.5180929
1.9800615,0.2762507,0.38429117,0.60892445,0.51759976
1.9900613,0.27708924,0.3838621,0.60937244,0.5181532
2.0000658,0.27705982,0.38414395,0.60943466,0.51778984
2.010062,0.2764102,0.38382837,0.6090058,0.5173412
2.0200655,0.276286,0.38386965,0.6089112,0.51732534
2.030063,0.27732942,0.3840784,0.60888946,0.5180296
2.0400631,0.27682537,0.38406914,0.60893935,0.51820123
2.050063,0.2768668,0.38484824,0.6088258,0.5179375
2.0600624,0.27707687,0.38431555,0.60820335,0.51785725
2.070062,0.27670762,0.383763,0.60855025,0.5182773
2.0800626,0.27702448,0.38442406,0.6090572,0.51765424
2.0900621,0.2769242,0.3842884,0.6082843,0.51781553
2.1000617,0.27678752,0.38416818,0.6088688,0.5171467
2.1100614,0.2761453,0.38402274,0.608317,0.5177792
2.120062,0.27728358,0.38415697,0.6093815,0.5178772
2.1300611,0.27633184,0.38425893,0.60933083,0.517418
2.140062,0.27757496,0.38369173,0.6087244,0.5178701
2.1500602,0.27622652,0.3835289,0.60831076,0.51726806
2.1600633,0.2771121,0.38375074,0.60912603,0.5179886
2.1700616,0.27567655,0.3843263,0.6084753,0.5176318
2.1800623,0.27713642,0.38459507,0.6092244,0.517168
2.1900625,0.27673805,0.38401794,0.60911965,0.517199
2.2000618,0.27675703,0.38418743,0.60867006,0.51806146
2.2100677,0.27601776,0.38456738,0.60880977,0.51810014
2.2200637,0.2763803,0.3840305,0.60951096,0.5177762
2.2300622,0.27678993,0.38451695,0.6088601,0.51701796
2.2400627,0.2766975,0.38349983,0.6085027,0.517717
2.2500627,0.2768911,0.38391855,0.6084703,0.51796776
2.2600627,0.27648363,0.3838245,0.60813284,0.5172616
2.2700615,0.27724096,0.38368273,0.60910636,0.51760477
2.2800622,0.27702975,0.38383064,0.60782564,0.51748246
2.2900622,0.27649975,0.3838358,0.6093477,0.5174603
2.3000627,0.27694848,0.3830509,0.60850304,0.5174973
2.3100636,0.2764247,0.3844305,0.6096703,0.5177875
2.3200629,0.2758602,0.38386327,0.6082097,0.5178432
2.3300617,0.2771177,0.38436648,0.6102353,0.51796335
2.3400612,0.27509797,0.3828496,0.6093843,0.5174979
2.3500621,0.27613717,0.3833973,0.60903966,0.51778436
2.3600652,0.27513707,0.38240665,0.60835177,0.5169564
2.3700619,0.2753775,0.3830898,0.60834414,0.51728487
2.3800614,0.27636632,0.38340038,0.6089324,0.5180275
2.390061,0.27498809,0.38288197,0.60923606,0.5169709
2.4000704,0.27293205,0.38157102,0.6086099,0.5175145
2.4100757,0.27556527,0.3824896,0.6080381,0.5170177
2.420066,0.2749942,0.38275346,0.60851026,0.5174474
2.4300618,0.2767365,0.38421312,0.60799766,0.5172136
2.4400625,0.27644876,0.38378572,0.6080619,0.5178816
2.4500613,0.27655897,0.383923,0.6080572,0.5174967
2.4600618,0.27709657,0.38319868,0.60867286,0.5186957
2.4700618,0.27697626,0.38343373,0.60886925,0.5169146
2.480062,0.27781543,0.38482746,0.6092521,0.517867
2.4900622,0.27679178,0.38333583,0.60887986,0.51782984
2.500061,0.27689698,0.38399005,0.6089626,0.5175721
2.5100648,0.2772305,0.3834714,0.6085537,0.5172773
2.5200624,0.2770571,0.3840244,0.6091864,0.51789784
2.5300622,0.277432,0.3840931,0.6079733,0.51748616
2.5400617,0.2766558,0.3848958,0.60856396,0.51748735
2.5500617,0.27634567,0.3837822,0.60833615,0.5173788
2.560066,0.2761163,0.3835587,0.6081385,0.51695955
2.570062,0.2765516,0.38409805,0.60833526,0.51720214
2.5800612,0.2775741,0.3837933,0.60863614,0.51797116
2.5900621,0.27671933,0.3836698,0.60856193,0.51757985
2.6000621,0.27692184,0.38390726,0.60808414,0.5172421
2.6100652,0.27664486,0.38384464,0.6085635,0.51783663
2.6200633,0.2767038,0.3843468,0.6087821,0.5175163
2.6300614,0.27708554,0.38430932,0.608776,0.51827013
2.6400626,0.2765735,0.3839034,0.60869145,0.5171014
2.6500618,0.2769311,0.3842492,0.60821426,0.5173744
2.6600623,0.2762127,0.38376817,0.60870385,0.51767147
2.670062,0.2757804,0.38466218,0.60815126,0.51729697
2.6800616,0.27683955,0.38404483,0.6092731,0.51834446
2.690062,0.27653745,0.38387263,0.6087026,0.5173913
2.7000656,0.2773398,0.38326138,0.608051,0.51693606
2.710065,0.27595127,0.3832645,0.60859704,0.5175785
2.7200632,0.27700412,0.38322103,0.6087571,0.51725256
2.7300622,0.27635315,0.3834909,0.6081839,0.51716775
2.7400746,0.27599367,0.38361898,0.60839343,0.5172195
2.750064,0.2762711,0.38318896,0.6082244,0.51670885
2.760063,0.2770569,0.38354743,0.6089857,0.5173921
2.7700615,0.27607748,0.38371643,0.6088887,0.51628375
2.7800612,0.27738234,0.38297018,0.6087388,0.5175569
2.790062,0.2762935,0.38296053,0.6080867,0.5176195
2.8000622,0.27678823,0.38400194,0.6091562,0.51735497
2.8100653,0.27677882,0.3832295,0.60883844,0.5176221
2.820063,0.27624556,0.38389888,0.60966,0.517159
2.8300622,0.27685973,0.38399285,0.60845035,0.51675427
2.840062,0.27600706,0.38281456,0.6089591,0.5177721
2.850062,0.27612087,0.38301834,0.6085819,0.5173898
2.8600624,0.276319,0.38354644,0.60828394,0.51755464
2.8700614,0.27643278,0.38325942,0.609066,0.5172348
2.8800626,0.27748266,0.38378936,0.6082579,0.5171202
2.8900619,0.27754304,0.38344535,0.6095018,0.51741314
2.900066,0.27384558,0.38197824,0.60889834,0.51688784
2.9100742,0.27705345,0.38465604,0.6088628,0.51784414
2.9200644,0.276991,0.3836161,0.6079496,0.51706403
2.9300623,0.27771273,0.38381025,0.60812396,0.5170987
2.9400616,0.27701455,0.38416594,0.608746,0.5172967
2.950062,0.27657524,0.38414612,0.6083032,0.51823175
2.9600613,0.27608684,0.38368547,0.60870653,0.51740146
2.9700623,0.27666917,0.38372174,0.6089256,0.5176171
2.9800622,0.27734542,0.38376734,0.60830075,0.517211
2.990061,0.276561,0.38388342,0.6088426,0.5174234
3.0000715,0.27649993,0.38352165,0.6081105,0.5174992
3.010063,0.2763355,0.38386536,0.6078872,0.5169381
3.0200624,0.27633542,0.3833275,0.6089269,0.51684684
3.0300622,0.27653122,0.38333273,0.607915,0.5171654
3.0400622,0.27683908,0.38394937,0.6083329,0.5171209
3.0500622,0.27570078,0.38317615,0.60844064,0.5174292
3.0600622,0.27647597,0.38466978,0.60897696,0.5174097
3.0700607,0.27659285,0.38443866,0.60827285,0.5177748
3.0800622,0.27689996,0.38383022,0.6081491,0.51787245
3.0900624,0.2755528,0.38338846,0.6088523,0.5176932
3.1000621,0.27722806,0.38385916,0.60838526,0.5176675
3.110062,0.27593517,0.3830436,0.60890305,0.5172092
3.1200604,0.27679744,0.38404894,0.60874176,0.5172314
3.1300616,0.27713946,0.38326642,0.6083647,0.51712793
3.1400626,0.27561662,0.3835273,0.6084948,0.5173918
3.150062,0.2765532,0.3834884,0.6080537,0.5171516
3.1600616,0.27649465,0.38337794,0.60851336,0.5176399
3.1700625,0.27600202,0.38327718,0.6084813,0.5173166
3.1800618,0.27641416,0.38400003,0.6084166,0.51809245
3.190062,0.2760822,0.38368854,0.6092954,0.5172585
3.2000618,0.27601886,0.38412783,0.60825366,0.51722515
3.2100627,0.27621734,0.38415477,0.6087299,0.5178686
3.2200658,0.27608982,0.38332397,0.60846525,0.5176368
3.2300613,0.27638152,0.38361228,0.6090125,0.51738095
3.2400622,0.2753318,0.38304526,0.607794,0.5171796
3.2500618,0.276917,0.38397264,0.6083956,0.5176719
3.2600622,0.2761527,0.3835871,0.6085509,0.51789874
3.2700615,0.2762168,0.3839159,0.6086055,0.51733583
3.2800622,0.27606764,0.38278526,0.6089987,0.51775926
3.2900622,0.27599263,0.38389948,0.60859203,0.5171591
3.3000612,0.2773852,0.38359055,0.60778195,0.5170024
3.3100624,0.27643856,0.3834978,0.60847276,0.5175635
3.3200622,0.27664557,0.38387203,0.608414,0.5177493
3.3300624,0.27670094,0.38411522,0.6081718,0.51694554
3.3400621,0.276618,0.38414815,0.60848933,0.51734793
3.3500614,0.277109,0.38404095,0.6089514,0.51713693
3.3600667,0.2774369,0.38312495,0.60850525,0.5168377
3.3700628,0.27652264,0.38347316,0.6085513,0.51686865
3.3800623,0.27669087,0.3836434,0.60829884,0.5181589
3.3900616,0.2761537,0.3826844,0.60825723,0.5170779
3.4000618,0.2749334,0.3818212,0.60861343,0.5174538
3.410078,0.27619788,0.38373226,0.6077974,0.5171076
3.4200666,0.2771068,0.3841525,0.6079686,0.517241
3.4300618,0.27588055,0.3833153,0.60833454,0.51768166
3.4400618,0.27612913,0.38422337,0.60825354,0.5184491
3.4500623,0.2763092,0.38364527,0.60785955,0.5174842
3.4600625,0.2757617,0.38385233,0.60813844,0.5172887
3.4700613,0.27677834,0.3836366,0.6082085,0.5175217
3.480062,0.27714425,0.38354835,0.6079367,0.5172903
3.4900622,0.27599505,0.38366315,0.60766876,0.5171357
3.5000715,0.27306005,0.383135,0.6076796,0.51800865
3.510065,0.27581063,0.3842027,0.60885894,0.51765114
3.5200617,0.27601355,0.3828414,0.60839695,0.51700294
3.5300636,0.2769348,0.3837694,0.6088892,0.51687664
3.5400615,0.27613652,0.383634,0.60803246,0.51728773
3.5500615,0.2763106,0.38443962,0.60849327,0.517895
3.5600617,0.27601373,0.3834366,0.6079073,0.5173002
3.5700617,0.27664754,0.38386026,0.6083595,0.51732874
3.5800622,0.27621904,0.38390836,0.60797226,0.5170531
3.590062,0.27533188,0.38391608,0.6079872,0.5177218
3.600062,0.27601257,0.3836908,0.6080727,0.51735175
3.6100628,0.27664423,0.38314694,0.6082429,0.5172844
3.6200626,0.2764281,0.3831163,0.60768515,0.5171707
3.6300623,0.27647814,0.38329807,0.6082161,0.5172382
3.6400614,0.27616915,0.38370588,0.6090626,0.51755244
3.650062,0.27611253,0.38370925,0.608095,0.5175651
3.6600616,0.27662283,0.3833736,0.60827637,0.5165298
3.6700623,0.27594212,0.38304552,0.6085074,0.51735073
3.6800618,0.2761116,0.38405907,0.60832614,0.51689327
3.690062,0.27653608,0.38389176,0.60850006,0.5175255
3.7000623,0.27723578,0.38339287,0.60844773,0.51732093
3.7100613,0.27680424,0.38337705,0.6080902,0.51693076
3.7200623,0.27607927,0.3838698,0.60766244,0.5174387
3.730062,0.27632874,0.38377184,0.6087407,0.5166695
3.7400753,0.27649698,0.383539,0.60823995,0.51689094
3.7500644,0.2765333,0.38435632,0.6084581,0.51779747
3.760063,0.27631554,0.38406295,0.6077085,0.5173896
3.7700624,0.27643257,0.3840323,0.6076065,0.51759166
3.7800612,0.2762516,0.38312262,0.60773605,0.5176459
3.790062,0.27608392,0.3833954,0.607937,0.5172233
3.8000622,0.27646506,0.38382035,0.6082574,0.51700026
3.8100631,0.27656272,0.38395968,0.60822797,0.5174362
3.8200626,0.27569756,0.38371468,0.6077485,0.5170945
3.8300614,0.27685273,0.3834056,0.60802126,0.517441
3.8400614,0.27566728,0.38339064,0.60782295,0.51742506
3.8500626,0.27651423,0.384166,0.6074379,0.5175322
3.8600614,0.2767094,0.38466328,0.60838753,0.5174333
3.870062,0.27714625,0.3840866,0.6084163,0.51749
3.8800619,0.27657828,0.38337645,0.6078782,0.5170889
3.8900623,0.27661237,0.38400444,0.6085572,0.51705873
3.9000614,0.27563152,0.38188347,0.6080145,0.5171298
3.9100726,0.2764231,0.38394028,0.6089203,0.5172235
3.9200642,0.27575448,0.3839439,0.60805166,0.51760215
3.930061,0.27628666,0.38298196,0.6080245,0.51695955
3.9400644,0.27590197,0.38353363,0.608294,0.516395
3.9500625,0.27623612,0.38404948,0.6077828,0.5158395
3.9600625,0.2763435,0.38341892,0.6076767,0.51672816
3.9700615,0.27564192,0.38327944,0.60764146,0.5171473
3.9800622,0.27718458,0.38322833,0.6090721,0.51716006
3.9900625,0.27596477,0.38367447,0.6078721,0.5171982
4.0000715,0.27644074,0.38354972,0.6083366,0.51700443
4.010064,0.27686936,0.38321874,0.607776,0.5172086
4.0200634,0.27320272,0.38362655,0.6080209,0.5184721
4.0300627,0.2766899,0.3835729,0.6079645,0.5169192
4.040065,0.27566567,0.38394153,0.6080883,0.51792604
4.050063,0.2759397,0.3835108,0.6085828,0.5175594
4.060062,0.27594182,0.38353476,0.60790026,0.5170854
4.070062,0.27617297,0.38423845,0.6079424,0.5166472
4.0800614,0.27599314,0.38388148,0.6082774,0.51664835
4.090062,0.27601764,0.38356283,0.6079606,0.51756114
4.100062,0.27613804,0.38357216,0.6080906,0.517053
4.1100626,0.2760013,0.38341692,0.60843927,0.5170922
4.120062,0.27632445,0.38359293,0.6080821,0.51706684
4.1300626,0.276502,0.3836806,0.6078487,0.5168257
4.140062,0.2761446,0.38352448,0.60793173,0.51684815
4.1500993,0.27623093,0.38407576,0.6079083,0.5173141
4.1600757,0.28053993,0.38719964,0.6075595,0.51637405
4.1700754,0.2806534,0.38641426,0.6078227,0.5164689
4.180074,0.28045347,0.38741633,0.6078178,0.51582116
4.190073,0.28087476,0.38776365,0.6080332,0.5164181
4.2000747,0.28035435,0.38645566,0.6083356,0.5164039
4.210076,0.27978605,0.3870632,0.60844463,0.51648957
4.2200785,0.28012186,0.38657203,0.6074622,0.5165242
4.2300744,0.28059784,0.38585392,0.6082474,0.5164067
4.2400746,0.27960998,0.38679338,0.60766834,0.5160604
4.250093,0.28012508,0.387034,0.6080475,0.5169334
4.2600737,0.28029382,0.38688147,0.60801816,0.515897
4.2700753,0.27947262,0.38663283,0.6080579,0.5164339
4.2800746,0.28045654,0.38797507,0.6087499,0.5167116
4.290075,0.27976385,0.38615108,0.6079562,0.5163873
4.3000765,0.28103027,0.3873209,0.60807526,0.5162604
4.3100743,0.27977833,0.3872914,0.6079429,0.5171379
4.320073,0.28024435,0.3866336,0.6084165,0.51688653
4.330074,0.28005818,0.38686574,0.60842717,0.51607674
4.340074,0.2812176,0.38677058,0.6084892,0.5160888
4.3500915,0.2795123,0.38647673,0.6077993,0.51709527
4.360083,0.2801685,0.38798693,0.6079251,0.5165278
4.3700767,0.2807364,0.38697645,0.6083704,0.5162497
4.3800726,0.27975708,0.38650724,0.608168,0.51618785
4.390075,0.2793803,0.3862868,0.60823363,0.5159612
4.4000745,0.27942702,0.38670382,0.60815454,0.51619965
4.4100866,0.27933756,0.38655233,0.60734546,0.5158952
4.420076,0.27944052,0.3863352,0.6083733,0.51625365
4.430074,0.27948236,0.38675845,0.60763776,0.51667696
4.440073,0.27953982,0.38668466,0.60742253,0.51648456
4.450094,0.28016895,0.3868211,0.6085908,0.5154723
4.4600754,0.28049043,0.38734052,0.6082371,0.5161416
4.470075,0.27967814,0.38685173,0.6081385,0.5167116
4.4800754,0.27941608,0.3866441,0.6080506,0.516097
4.490074,0.27995175,0.3871514,0.6082606,0.51674235
4.5000725,0.2798424,0.38605994,0.608549,0.5160475
4.510076,0.2798817,0.38751325,0.60837173,0.51630676
4.520076,0.27998197,0.38659388,0.6078713,0.51624495
4.530074,0.2792097,0.38660112,0.60844463,0.51670045
4.540076,0.28035277,0.38670927,0.6082772,0.5159483
4.550089,0.2800052,0.38729915,0.6081604,0.51687217
4.560074,0.2793428,0.38698775,0.6079517,0.5162155
4.570073,0.27964118,0.38705704,0.6081569,0.5157207
4.5800734,0.28059226,0.385766,0.6079615,0.51630753
4.5900745,0.28034127,0.38773578,0.6072694,0.5160523
4.6000743,0.2805496,0.3873876,0.60829437,0.5161788
4.6100726,0.2802095,0.3872495,0.60763276,0.5159298
4.6200747,0.28072754,0.38727912,0.6084255,0.5167595
4.6300755,0.28028387,0.38711283,0.60773283,0.51608557
4.6400743,0.28076172,0.38775188,0.6086624,0.51619375
4.6500893,0.28019205,0.38663986,0.60769486,0.51625067
4.6600747,0.28060573,0.38765416,0.6084375,0.51591337
4.670073,0.2803505,0.3862092,0.6081588,0.5160423
4.680074,0.27969927,0.3871314,0.60780436,0.516778
4.690075,0.2802895,0.3869234,0.6081358,0.5161189
4.700074,0.28004214,0.38594884,0.6077827,0.51655596
4.710074,0.28020293,0.38651222,0.607994,0.5168574
4.720074,0.28045005,0.38698965,0.60862064,0.51517993
4.7300744,0.28034863,0.3866403,0.6063472,0.5154471
4.740089,0.27996305,0.38678443,0.6081465,0.5165657
4.750103,0.28039932,0.38731843,0.6080594,0.5164061
4.760073,0.28031993,0.38651636,0.60792947,0.5166654
4.7700753,0.27986807,0.3871327,0.60849524,0.51659757
4.7800756,0.28013548,0.3869838,0.6081718,0.5162319
4.790073,0.2800405,0.3871046,0.60807246,0.51608276
4.800074,0.27977714,0.38654277,0.6074176,0.5162165
4.810074,0.28063825,0.38702983,0.6075209,0.5169275
4.8200736,0.279891,0.38655877,0.60596853,0.5166355
4.8300753,0.28042927,0.38694674,0.6094394,0.51613307
4.840074,0.27935946,0.38623,0.609078,0.5162208
4.8500915,0.2795917,0.38713363,0.60641795,0.5166758
4.8600745,0.2806595,0.3871819,0.6078137,0.5164142
4.870075,0.28013957,0.38715363,0.6098482,0.516631
4.880075,0.279508,0.38684994,0.6092552,0.51482683
4.8900747,0.28074795,0.38680583,0.60790586,0.5167283
4.9000745,0.28009018,0.38706684,0.6082786,0.51496637
4.910101,0.2791332,0.38645008,0.6081091,0.5167836
4.920078,0.2798743,0.38605446,0.6080487,0.5153166
4.9300723,0.28002158,0.3860195,0.6077384,0.5166285
4.9400754,0.28099996,0.38725242,0.60862446,0.51624
4.950095,0.28059563,0.3870335,0.6077482,0.5163735
4.9600735,0.28010586,0.38666305,0.6080169,0.5156284
4.970076,0.27952483,0.38666838,0.6080757,0.5170241
4.980073,0.27885324,0.38674673,0.60842794,0.5165882
4.9900756,0.2797637,0.38654906,0.60774785,0.5162684
5.0000854,0.27874836,0.3862327,0.60780036,0.5165032
5.0100784,0.28057608,0.38679475,0.6078429,0.5161665
5.0200768,0.2794354,0.3860832,0.6084557,0.5158664
5.0300736,0.2795987,0.38731223,0.60728294,0.51558125
5.040075,0.2799663,0.3864665,0.6075021,0.5163464
5.050093,0.2794865,0.38767818,0.60797346,0.51631564
5.0600758,0.28052315,0.38707194,0.60806745,0.51607263
5.070074,0.2802971,0.3876136,0.6081086,0.51625997
5.080073,0.2797888,0.3872408,0.6079399,0.5163521
5.0900726,0.2809074,0.38704973,0.60813403,0.51602244
5.100073,0.28025377,0.38711748,0.6084528,0.5158688
5.110076,0.28130338,0.38561785,0.6076726,0.5163631
5.120075,0.277353,0.3846873,0.6075262,0.51616174
5.130073,0.28084952,0.38600537,0.6079865,0.51641005
5.1400743,0.2801324,0.38581422,0.6077036,0.5157571
5.1500883,0.27984357,0.38559377,0.6085717,0.5167201
5.1600757,0.27901062,0.3858674,0.60773885,0.51591593
5.170075,0.2773156,0.38544798,0.6080371,0.5157224
5.1800747,0.27811837,0.38642076,0.60770136,0.51604354
5.1900754,0.27893943,0.386543,0.60727084,0.51527256
5.2000747,0.27971685,0.3866847,0.6075379,0.51569396
5.210073,0.28061152,0.3869242,0.60783154,0.515985
5.2200837,0.28039348,0.3872817,0.60842174,0.5162256
5.2300777,0.28001624,0.38691315,0.6081614,0.5157853
5.240075,0.27993742,0.38648826,0.60844904,0.5159438
5.250091,0.28011847,0.3865744,0.6077366,0.515645
5.2600756,0.2801234,0.38676015,0.60874975,0.5160721
5.2700734,0.28016773,0.38655853,0.60777843,0.5161688
5.2800756,0.27991575,0.3870574,0.60810536,0.5165999
5.2900753,0.2795561,0.38678965,0.6078373,0.5162912
5.300075,0.27920774,0.38605437,0.60783374,0.51638865
5.310082,0.2805728,0.3869798,0.6084346,0.5152847
5.3200765,0.2798976,0.38679194,0.60814613,0.51685375
5.330074,0.2794939,0.38675332,0.6079917,0.5156064
5.3400726,0.27991053,0.38656718,0.60776997,0.516191
5.3500905,0.27948877,0.3868819,0.6076727,0.5156144
5.3600755,0.27966592,0.3868772,0.6077059,0.51653624
5.3700743,0.27989635,0.38665003,0.60822934,0.5161202
5.3800745,0.2796819,0.38635972,0.6078248,0.5160411
5.3900723,0.27957448,0.3865268,0.6074858,0.5161667
5.400074,0.27998358,0.38654023,0.60866773,0.5161072
5.410091,0.28028005,0.38566703,0.6078991,0.5168992
5.4200807,0.27957347,0.38572556,0.6079178,0.5161815
5.430082,0.28050095,0.38682097,0.6075356,0.5162499
5.440076,0.28080985,0.3868396,0.6078332,0.51536626
5.4500957,0.2798614,0.38705185,0.6083423,0.5156324
5.4600735,0.27971652,0.38683468,0.6076091,0.51602244
5.470075,0.28014165,0.3869672,0.60811836,0.5160948
5.4800744,0.28080285,0.38652575,0.60732734,0.51567906
5.4900746,0.27941647,0.38731846,0.60787547,0.5161185
5.5000744,0.2799867,0.3865496,0.6075974,0.51503354
5.5100746,0.28029937,0.38749003,0.60811234,0.5154362
5.520078,0.28009954,0.3867206,0.607681,0.5162973
5.530076,0.28000528,0.38700804,0.6078971,0.5158359
5.5400753,0.2799097,0.38701996,0.60828227,0.51538223
5.5500913,0.2805062,0.38708362,0.60772616,0.515793
5.5600758,0.28086364,0.38705996,0.6073696,0.516149
5.5700755,0.28001237,0.3864857,0.6083178,0.5160847
5.580074,0.28032205,0.38770005,0.6079989,0.5162724
5.590075,0.28023055,0.3862124,0.6084011,0.5155745
5.6000743,0.27941868,0.3868155,0.6078329,0.515921
5.61008,0.27951524,0.38700545,0.6078582,0.5157589
5.6200767,0.27964815,0.3866999,0.6077706,0.5163497
5.630073,0.27953655,0.38686818,0.6077282,0.5159221
5.640074,0.2796517,0.38662243,0.6079219,0.5155819
5.65008,0.27984568,0.38620728,0.6073787,0.5158584
5.6600747,0.28014174,0.38695315,0.60827535,0.51583666
5.6700726,0.28077883,0.38626686,0.6079631,0.51614153
5.6800737,0.27938712,0.38714352,0.6075824,0.51572937
5.690073,0.2797138,0.387173,0.6083418,0.51684284
5.700072,0.27980307,0.38609302,0.6080286,0.5162065
5.710076,0.28037894,0.38684273,0.6081749,0.5158701
5.7200747,0.27985743,0.38633585,0.6079036,0.51599956
5.7300744,0.27979642,0.38682985,0.6082253,0.5171309
5.740098,0.2786993,0.38620168,0.6078043,0.51649165
5.7501006,0.27920726,0.38710037,0.60787046,0.5168975
5.7600718,0.28001556,0.3863535,0.6082244,0.5161921
5.7700706,0.27962315,0.3865563,0.60761714,0.51534027
5.780075,0.2801372,0.38695517,0.60816514,0.5157993
5.790076,0.27991632,0.3866571,0.6076155,0.51601404
5.800074,0.27895975,0.38578284,0.6073746,0.5162264
5.810078,0.2794571,0.3862696,0.6086529,0.5163167
5.820078,0.28026396,0.38684458,0.6072962,0.51562905
5.830075,0.2791035,0.3869088,0.6077211,0.516059
5.840073,0.279779,0.38632214,0.6072348,0.51549846
5.850089,0.2797194,0.3865723,0.60768,0.51589656
5.8600755,0.28003824,0.38689342,0.60827655,0.5166246
5.8700747,0.2800293,0.38651875,0.6075333,0.5159452
5.880074,0.28067818,0.3866536,0.60809994,0.51651484
5.890075,0.2810023,0.3873999,0.6079296,0.5160643
5.900074,0.28013027,0.38703677,0.60729957,0.5158937
5.9100904,0.27998668,0.38582817,0.6065662,0.51613
5.92008,0.2791422,0.38631406,0.60936433,0.5159309
5.9300737,0.27969238,0.38568467,0.60967916,0.5158931
5.940075,0.2796647,0.38694477,0.607976,0.51690584
5.9500966,0.28046653,0.38654283,0.6064835,0.51617867
5.960081,0.27970618,0.3866388,0.60718304,0.51645523
5.9700747,0.27999038,0.38634303,0.60816455,0.5174637
5.980074,0.28000435,0.38663393,0.6081107,0.51601934
5.990074,0.27989644,0.38677943,0.6073973,0.51693344
6.0000887,0.27973282,0.38625506,0.60735214,0.5160302
6.01008,0.2800468,0.38622475,0.60769325,0.51460457
6.0200863,0.279893,0.38635334,0.6074558,0.51539856
6.0300827,0.27991408,0.3872604,0.6087872,0.5157006
6.0400753,0.27950817,0.38646972,0.6073284,0.5152401
6.050098,0.27999184,0.38762817,0.6084694,0.5161045
6.060075,0.27913383,0.38582355,0.6071963,0.51624715
6.070074,0.2799709,0.3855478,0.60775197,0.5161204
6.0800743,0.279494,0.38754606,0.60776675,0.5155768
6.0900736,0.27958572,0.38760927,0.6071585,0.5161867
6.1000752,0.2797942,0.38465434,0.6078164,0.515839
6.1100764,0.27988738,0.38449925,0.6075996,0.51613903
6.1200757,0.2791589,0.38706875,0.6071391,0.5156588
6.130074,0.2793537,0.3854583,0.60778433,0.515383
6.140075,0.2795128,0.38802058,0.60827494,0.51614
6.150092,0.27988228,0.38407192,0.6069118,0.51609844
6.160077,0.2798776,0.3866477,0.60801774,0.51624346
6.1700764,0.2795544,0.3863673,0.60708785,0.5164336
6.1800747,0.27967787,0.38695943,0.6079208,0.5168245
6.190074,0.2800082,0.38562855,0.60759085,0.51624745
6.2000756,0.28022292,0.38728163,0.6081973,0.5159228
6.2100735,0.2797088,0.38660282,0.60749555,0.51604986
6.220081,0.27988362,0.3870045,0.607605,0.5167124
6.2300744,0.27942318,0.3864915,0.6072615,0.5158252
6.2400756,0.27980855,0.38571584,0.60733706,0.5159608
6.2500925,0.2801792,0.38662645,0.6072051,0.51561326
6.260074,0.28008738,0.38570005,0.6072007,0.5158174
6.2700753,0.28016642,0.38614225,0.60742325,0.5156125
6.2800746,0.27997172,0.38665575,0.6076669,0.5162822
6.290075,0.28031436,0.38642934,0.6079528,0.51580894
6.3000765,0.2798677,0.3867202,0.60715765,0.5158561
6.3100734,0.27971396,0.3879215,0.60815334,0.5161959
6.320075,0.27999064,0.38655698,0.60789025,0.5159381
6.3300757,0.28022203,0.38725823,0.60706455,0.5158888
6.3400736,0.28010297,0.38654375,0.6061862,0.51598334
6.350081,0.27986285,0.3867955,0.60836166,0.5158411
6.3600736,0.28016996,0.38638443,0.60804045,0.51614964
6.370075,0.28002715,0.38659662,0.6063624,0.5164308
6.3800726,0.28026128,0.38634643,0.608007,0.5161615
6.390074,0.2795304,0.38639727,0.6062499,0.51604027
6.4000745,0.28050348,0.3863867,0.6077866,0.5157774
6.410101,0.2790325,0.38579413,0.60781044,0.51609445
6.420081,0.28012776,0.38627332,0.60745895,0.5170365
6.4300747,0.27944303,0.3862155,0.6069699,0.51652724
6.440076,0.2802775,0.38643065,0.6072393,0.51573616
6.450096,0.27927035,0.38703814,0.6067094,0.5159869
6.460075,0.27997717,0.38648,0.6076136,0.51593
6.470075,0.2794403,0.38612345,0.607213,0.51527756
6.4800744,0.28023064,0.38676316,0.60784733,0.5164048
6.4900765,0.2795417,0.3862634,0.60723066,0.51553977
6.5000734,0.2799375,0.38664362,0.60759956,0.5162621
6.510075,0.2796999,0.38720062,0.6070993,0.51598126
6.5200763,0.2791969,0.3867463,0.6077112,0.5161342
6.5300756,0.28003153,0.3860648,0.6069887,0.515753
6.540076,0.27998275,0.38672152,0.6080656,0.5161198
6.5500884,0.27952993,0.3868767,0.6073441,0.51529235
6.5600758,0.27912176,0.3857399,0.60787493,0.5161347
6.570075,0.27962032,0.38617095,0.6076291,0.51532775
6.5800734,0.2796698,0.38669825,0.60798144,0.51621956
6.590076,0.28065315,0.38684252,0.6071974,0.5160657
6.6000752,0.2800959,0.3859326,0.60822326,0.51626784
6.610074,0.2796607,0.38643,0.6078922,0.51600087
6.6200743,0.27893382,0.38565168,0.6071008,0.5166749
6.630075,0.27985227,0.3862037,0.60842663,0.5154108
6.6400747,0.27975735,0.38630554,0.6071137,0.5154404
6.6500926,0.27979532,0.38612175,0.6079984,0.5159641
6.6600733,0.2802988,0.38655004,0.6075766,0.51595056
6.6700726,0.28047302,0.38665476,0.6077854,0.5164757
6.680075,0.28026327,0.3866685,0.6070602,0.5160454
6.6900754,0.27942738,0.38635173,0.6084883,0.5154784
6.7000747,0.27959123,0.38610116,0.6078212,0.515419
6.7100735,0.2798506,0.38694924,0.6077345,0.5154226
6.720075,0.2797413,0.38653928,0.6077023,0.51599747
6.730074,0.28038836,0.38655654,0.60700005,0.5162388
6.7401023,0.27971384,0.3861145,0.60717136,0.51592386
6.7501063,0.27995527,0.38635507,0.6078988,0.5167472
6.760074,0.28015307,0.38721678,0.6074133,0.5159359
6.7700734,0.27949584,0.3860292,0.60753673,0.51567376
6.780076,0.27990678,0.3868322,0.6078049,0.51601785
6.790074,0.2793563,0.38685665,0.6076365,0.51594067
6.8000755,0.27993307,0.38675365,0.607115,0.5161186
6.8100743,0.27929148,0.38648728,0.60696584,0.5157868
6.8200746,0.27955252,0.38656282,0.6083397,0.5162273
6.8300757,0.2791954,0.38689703,0.6084969,0.5162641
6.8400745,0.27998343,0.38667166,0.6071574,0.51597476
6.8500915,0.27940106,0.38662192,0.6056473,0.5155732
6.860074,0.2793544,0.3862179,0.60615444,0.51642954
6.8700757,0.27939007,0.38615242,0.6050082,0.5157826
6.880075,0.27960402,0.38630143,0.6067304,0.51565844
6.8900743,0.2803395,0.38546568,0.6075795,0.51616025
6.9000745,0.27972043,0.3866197,0.6071809,0.51624745
6.9101014,0.28066927,0.38663632,0.60790753,0.516268
6.920081,0.27930483,0.38650122,0.60822177,0.51616496
6.930073,0.2795142,0.3868394,0.60670376,0.5169162
6.9400735,0.2800647,0.38663283,0.6069196,0.5152073
6.9500933,0.2798665,0.38629293,0.60734946,0.5149986
6.960076,0.27960813,0.386145,0.6067804,0.515747
6.9700756,0.279692,0.38533166,0.6074994,0.5165069
6.9800725,0.2801286,0.3862403,0.6080057,0.5155732
6.9900875,0.27921915,0.38660797,0.60818315,0.5158653
7.0000834,0.2787056,0.38594735,0.6071378,0.5163481
7.010077,0.27995467,0.38618937,0.6073999,0.5155839
7.0200744,0.27938575,0.38583356,0.60742086,0.5164142
7.030073,0.2793132,0.38596207,0.6077791,0.5153798
7.0400753,0.27957714,0.38679585,0.607515,0.51528037
7.0500946,0.27993497,0.38614973,0.60742605,0.51547873
7.060077,0.2798829,0.38643268,0.6085605,0.5160087
7.0700746,0.27985403,0.3861571,0.60784173,0.51560205
7.0800734,0.27982283,0.38664508,0.60768783,0.5157038
7.090073,0.27955276,0.3860297,0.60783505,0.51587445
7.1000724,0.2798352,0.38636348,0.60687953,0.51602185
7.1100745,0.2801235,0.38627747,0.6071371,0.5160799
7.120075,0.27971265,0.38662466,0.6075457,0.51623666
7.130076,0.27948242,0.3862718,0.60750157,0.51566905
7.1400743,0.27984688,0.38684058,0.6078725,0.5159034
7.150088,0.28050268,0.38588762,0.6073685,0.51544356
7.160075,0.2801234,0.38729602,0.60777634,0.5155925
7.170075,0.28009585,0.38675374,0.6075255,0.5167335
7.180075,0.27930462,0.38636845,0.6071786,0.51586753
7.1900764,0.28049344,0.3867865,0.60778916,0.51554656
7.2000732,0.27992445,0.386644,0.6076836,0.5162768
7.210081,0.27955925,0.3868383,0.6073784,0.5156747
7.2200747,0.28037223,0.38633606,0.60733753,0.51561415
7.230075,0.27999282,0.38688847,0.6075694,0.51598537
7.2400756,0.28014392,0.38670942,0.6079551,0.5153759
7.250089,0.2796943,0.38705143,0.60803336,0.5157363
7.2600765,0.28015438,0.38604167,0.60705006,0.5154525
7.2700725,0.28038153,0.38640934,0.60805476,0.51586854
7.2800746,0.28010523,0.38597706,0.6076353,0.5160147
7.290076,0.2805768,0.387203,0.60782677,0.5165698
7.3000755,0.2803417,0.38593677,0.6079183,0.51578933
7.3100767,0.2797598,0.38588458,0.6076503,0.51574856
7.3200746,0.2798107,0.38600236,0.60704523,0.51640946
7.3300734,0.2796848,0.38628158,0.60718244,0.51532495
7.3400726,0.27970484,0.38649464,0.60739136,0.5154265
7.3500905,0.2792133,0.38645506,0.60745376,0.51527554
7.3600755,0.27966192,0.3865889,0.6072887,0.51527166
7.3700757,0.27975035,0.38607278,0.60795426,0.5161328
7.3800755,0.2798885,0.38726702,0.6073628,0.51557153
7.390073,0.28066358,0.3868874,0.60704106,0.5158473
7.4000745,0.27998042,0.38671368,0.60748327,0.5167915
7.4100995,0.27964032,0.3859514,0.60711426,0.5160597
7.4200826,0.2793105,0.38688233,0.60759443,0.5160503
7.4300766,0.2795082,0.38571495,0.60746384,0.51561165
7.440074,0.27923968,0.38636515,0.60701215,0.5151686
7.4501004,0.27934727,0.3862292,0.6067376,0.5162588
7.460075,0.27942708,0.3853288,0.6074214,0.5165933
7.470073,0.27926147,0.3863141,0.6074171,0.5160253
7.4800725,0.27937177,0.38556403,0.6074403,0.51550794
7.490076,0.280113,0.38625413,0.60787797,0.5164486
7.500075,0.2795333,0.3857447,0.60725844,0.5163044
7.510074,0.27977255,0.38614124,0.6071463,0.51519674
7.5200768,0.28008953,0.38533083,0.6072932,0.51618814
7.5300736,0.2794752,0.38707665,0.60806054,0.5161098
7.540076,0.27953187,0.3865964,0.6066141,0.51546395
7.550092,0.2797019,0.38653022,0.60675406,0.5162037
7.5600753,0.2806036,0.3864505,0.60700977,0.5157562
7.5700736,0.28085938,0.38739845,0.60786664,0.5158638
7.580074,0.2790688,0.38636655,0.60752636,0.5158144
7.5900755,0.28029925,0.38732243,0.60803115,0.51581794
7.6000757,0.27998665,0.38697848,0.6073696,0.5158855
7.6100764,0.28019178,0.3863277,0.6077266,0.5159227
7.6200733,0.279487,0.38640293,0.60753125,0.51533157
7.6300735,0.28021532,0.3863848,0.60728085,0.51602936
7.6400747,0.28008208,0.38691124,0.60705817,0.51584595
7.650091,0.27940938,0.38657722,0.6076352,0.5155677
7.660076,0.2800911,0.38624662,0.6072757,0.5158226
7.670075,0.2793357,0.38621533,0.606624,0.5155402
7.680073,0.2807039,0.3871319,0.6073321,0.51561975
7.690075,0.28048912,0.38688424,0.6075007,0.51570886
7.7000723,0.28025,0.3864762,0.6075055,0.5155051
7.7100735,0.27978733,0.3862516,0.6077089,0.51536417
7.7200747,0.2806066,0.38632295,0.6076124,0.5161134
7.730072,0.27994525,0.38656372,0.6073017,0.51530343
7.7401013,0.28014892,0.38664412,0.6080495,0.51606333
7.750103,0.27954707,0.38564295,0.6074592,0.5160484
7.7600746,0.27944964,0.38595682,0.6077694,0.51622635
7.7700768,0.27886823,0.38657543,0.60670346,0.515503
7.780076,0.2787103,0.38587537,0.6065808,0.5158376
7.790074,0.27975488,0.38555577,0.6055709,0.51516294
7.800103,0.2795517,0.38600504,0.6067971,0.5155816
7.8100805,0.27943906,0.38581598,0.6079264,0.5153538
7.820075,0.27946597,0.38656548,0.6089293,0.516134
7.830074,0.27972883,0.38592398,0.6053402,0.51605326
7.8400755,0.27955258,0.38643783,0.6060129,0.5158707
7.850096,0.2802311,0.3863696,0.60690135,0.5147783
7.8600764,0.27929938,0.3860711,0.6081887,0.51643735
7.870073,0.27983397,0.3859098,0.60685366,0.51612246
7.8800755,0.27856448,0.38490552,0.60737264,0.5157901
7.8900723,0.27847314,0.3859978,0.60754603,0.515966
7.900074,0.27905744,0.38541773,0.6071302,0.51529855
7.9100995,0.27842513,0.38552332,0.6071896,0.5153127
7.9200807,0.2778943,0.38460514,0.6070609,0.51581496
7.9300776,0.27856365,0.38512996,0.6065724,0.5161761
7.9400735,0.27857074,0.38491565,0.6067581,0.515716
7.9500985,0.2782324,0.3851349,0.60721,0.5156266
7.960076,0.27919394,0.38663357,0.60721844,0.5153859
7.970076,0.27896264,0.3862708,0.6067973,0.51598006
7.9800754,0.27952653,0.38562626,0.6071021,0.5158748
7.990073,0.2804046,0.3869735,0.60740083,0.51561606
8.00008,0.27930894,0.38622162,0.60813063,0.5156337
8.0100765,0.27908978,0.38597965,0.6076644,0.5159405
8.020077,0.28021792,0.38655955,0.6074376,0.5160833
8.030078,0.27883855,0.3869696,0.6073198,0.51586306
8.040075,0.28066975,0.38651246,0.60770833,0.5159531
8.050093,0.28008482,0.386161,0.6061697,0.5154542
8.060075,0.27965748,0.38706467,0.60794586,0.5163449
8.070075,0.27982056,0.3866992,0.60698944,0.5152229
8.080073,0.27924043,0.38636482,0.6075185,0.51651347
8.0900755,0.27940592,0.3869789,0.6074302,0.51579773
8.100074,0.2801265,0.38609874,0.607511,0.5157393
8.110074,0.2789524,0.38648167,0.60766333,0.5151609
8.120075,0.2799536,0.38611132,0.6076032,0.51584464
8.130075,0.28044015,0.38700116,0.6066949,0.51487947
8.140076,0.28001937,0.38616526,0.6074074,0.51628816
8.150095,0.28008097,0.38592845,0.6072983,0.5162254
8.160075,0.2790129,0.38689354,0.6067989,0.5150434
8.170074,0.2802542,0.3868058,0.60694987,0.5158199
8.180073,0.2803301,0.38649285,0.6071136,0.51536983
8.190075,0.27949578,0.387131,0.6076807,0.51580894
8.200074,0.2800429,0.38609737,0.60769355,0.5153933
8.21008,0.27967307,0.38690647,0.606625,0.51596487
8.220075,0.27932805,0.38609433,0.6060602,0.51525086
8.230073,0.27948114,0.38583866,0.60550797,0.51616055
8.240075,0.2800846,0.3865844,0.6077942,0.51530576
8.2500925,0.27952307,0.3857564,0.6057188,0.5151378
8.260077,0.27923647,0.38591117,0.6084662,0.5152214
8.270076,0.279581,0.38583487,0.6067438,0.51531565
8.280075,0.2797386,0.38604796,0.6060478,0.5160201
8.290076,0.27988365,0.38634774,0.60761815,0.5141942
8.300073,0.27913022,0.3868303,0.60751265,0.51724553
8.310075,0.27964768,0.38618842,0.6073418,0.5140758
8.320075,0.27935138,0.38635847,0.60729456,0.51791996
8.330074,0.27964583,0.386306,0.607048,0.516457
8.3400755,0.27959213,0.3866551,0.6071998,0.515341
8.350089,0.2797285,0.38651317,0.606811,0.51384306
8.360076,0.27955922,0.38624287,0.60709053,0.51576537
8.370072,0.28006777,0.38640827,0.60634416,0.5157349
8.3800745,0.2798356,0.3869429,0.6071081,0.5161086
8.390074,0.2797855,0.3862767,0.60658485,0.51606435
8.400074,0.27918795,0.38532597,0.6071157,0.515961
8.410172,0.27889833,0.38602093,0.60697544,0.51598793
8.420077,0.2788858,0.38610914,0.60717225,0.51579887
8.430077,0.27984437,0.38548133,0.60748553,0.51623946
8.440075,0.2804656,0.38651457,0.6070659,0.5155617
8.450094,0.27956498,0.38675842,0.6071361,0.51546276
8.460076,0.27928802,0.3858843,0.60695267,0.5158606
8.470073,0.27971217,0.38642317,0.6067995,0.5158681
8.480075,0.27891916,0.3869264,0.60708976,0.51516396
8.490075,0.27990916,0.38661334,0.60706687,0.51523507
8.500074,0.2797481,0.38546693,0.6064485,0.51566124
8.5100765,0.2795534,0.38630426,0.60759264,0.51614547
8.520076,0.27982697,0.38676232,0.60601354,0.5158521
8.530072,0.2798494,0.38670322,0.6073667,0.51536363
8.540072,0.27969196,0.38588825,0.60735404,0.5153817
8.550091,0.27974018,0.38639417,0.60724175,0.51586246
8.560076,0.27959985,0.3860832,0.60872775,0.5162884
8.570074,0.27960566,0.3864879,0.605599,0.51569813
8.580072,0.278718,0.38636667,0.6054705,0.51486367
8.590074,0.2796327,0.38700363,0.6078535,0.515652
8.600075,0.28025272,0.38681462,0.6075224,0.5151609
8.610075,0.27966696,0.38654873,0.60736686,0.515286
8.620075,0.28005967,0.38627738,0.60671866,0.5156755
8.630075,0.2798737,0.38529578,0.607474,0.5161128
8.640074,0.27942616,0.3866938,0.6072445,0.5159421
8.650092,0.27981028,0.38613772,0.6067789,0.5154906
8.660073,0.27967498,0.38647887,0.6066945,0.5155261
8.670074,0.27826318,0.38557568,0.606924,0.5157332
8.680075,0.27924168,0.3864547,0.60753435,0.5159866
8.690073,0.27950433,0.3864386,0.60728025,0.5156511
8.700074,0.27944687,0.3862643,0.60678715,0.5160964
8.7100725,0.2792295,0.3863839,0.6064356,0.5150382
8.720075,0.27947348,0.38668627,0.607032,0.5159131
8.730073,0.27909225,0.38607812,0.6058776,0.51545066
8.740097,0.2788664,0.3859729,0.60687137,0.51564556
8.750099,0.27952915,0.38587955,0.60740435,0.51656324
8.760083,0.27894357,0.38641846,0.60698515,0.51552963
8.770078,0.279256,0.38637626,0.6071698,0.5151871
8.780074,0.27860755,0.3858581,0.60678273,0.51599044
8.790073,0.2798704,0.38670966,0.60744417,0.51566637
8.8000765,0.27935338,0.38519758,0.60679394,0.5154336
8.810074,0.27875504,0.38580477,0.6069077,0.51557726
8.820082,0.27950463,0.38579273,0.60674125,0.51540947
8.830071,0.28019905,0.3861582,0.60646594,0.5157748
8.840074,0.2798392,0.38605902,0.6069949,0.5155267
8.85009,0.27978995,0.38646683,0.606614,0.51638544
8.860076,0.2796945,0.38611922,0.60637534,0.51740307
8.870075,0.28025353,0.38627815,0.6061839,0.51478285
8.880074,0.27957022,0.3864041,0.6068543,0.5145924
8.890076,0.27969852,0.3863068,0.60684764,0.51660454
8.900072,0.28038886,0.38750818,0.60675985,0.5145822
8.910104,0.276682,0.38456494,0.6063295,0.5150051
8.920081,0.27895668,0.38572916,0.60684276,0.5160445
8.930075,0.27921668,0.38534844,0.60657847,0.5147052
8.940073,0.27982727,0.38763133,0.6071387,0.5159209
8.950092,0.2791762,0.38493747,0.6066864,0.5156217
8.960076,0.27977735,0.38806385,0.60696375,0.5153588
8.970074,0.27938348,0.38548857,0.6067233,0.51545477
8.980075,0.27961287,0.3853698,0.60717255,0.51558614
8.990076,0.2802966,0.38559675,0.6065132,0.51525843
9.000087,0.28002855,0.38656363,0.6072559,0.51544917
9.010078,0.2787766,0.38689595,0.6070551,0.51550895
9.020074,0.2782158,0.3861699,0.6071464,0.515594
9.030073,0.27809328,0.38724267,0.60684764,0.5155271
9.040074,0.27746704,0.3857645,0.60639685,0.51568526
9.050094,0.27830985,0.38559034,0.60686314,0.5155194
9.060073,0.28018203,0.38630998,0.6068488,0.5153131
9.070073,0.27807233,0.38660765,0.60682595,0.5153312
9.080072,0.28067705,0.38556573,0.60717076,0.5158019
9.090074,0.2803471,0.3867539,0.6069276,0.51592445
9.100076,0.2792431,0.38601166,0.60700506,0.5157685
9.110076,0.28006035,0.38618857,0.6069051,0.5154157
9.120075,0.2792137,0.38594064,0.606909,0.51569086
9.130075,0.27911422,0.38626072,0.6070667,0.51556104
9.140073,0.27935377,0.3865818,0.60681474,0.5158934
9.150092,0.2791376,0.38632563,0.6075467,0.51598376
9.160075,0.2789305,0.38701597,0.6070144,0.5153686
9.170074,0.2792277,0.38577142,0.60648656,0.5156001
9.180075,0.27878368,0.38557866,0.60726047,0.5159692
9.190073,0.27927125,0.386038,0.60734683,0.5152924
9.200074,0.2791871,0.3855877,0.6068223,0.5151108
9.210073,0.2795308,0.38615406,0.6071304,0.515713
9.2200775,0.27942273,0.38591015,0.6073383,0.515912
9.230077,0.27911347,0.38568166,0.60619986,0.51549304
9.240075,0.2798606,0.38573882,0.6069475,0.51547855
9.250091,0.27964973,0.38615754,0.60748667,0.515904
9.2600765,0.2808142,0.38618717,0.607548,0.51585954
9.270076,0.27975714,0.38644353,0.6071842,0.514798
9.280075,0.2795987,0.3868891,0.6063968,0.5162437
9.290075,0.27967128,0.38626146,0.6080336,0.5153768
9.300076,0.27934608,0.38681644,0.6083453,0.515843
9.310073,0.27938637,0.3863465,0.60718924,0.5154623
9.320076,0.2794851,0.38667142,0.6068416,0.51691395
9.330074,0.27992836,0.38638562,0.6056962,0.51465356
9.3400755,0.27898467,0.38630232,0.606397,0.5152514
9.350092,0.28101078,0.38558602,0.6070518,0.5152493
9.360075,0.27901423,0.38633642,0.6063262,0.5154126
9.370073,0.2800055,0.38603976,0.606105,0.51533896
9.380073,0.28035152,0.38585803,0.60702425,0.51558536
9.390075,0.2801883,0.38610312,0.6068433,0.5151694
9.400074,0.27913588,0.3862679,0.6064479,0.51510906
9.410195,0.27738538,0.38488597,0.6067109,0.51497805
9.420079,0.27962565,0.38550273,0.60610247,0.5156221
9.430074,0.27995846,0.38669038,0.6065781,0.5158273
9.440073,0.27916375,0.3859989,0.6063493,0.51500076
9.450138,0.27934012,0.38611594,0.6069939,0.5152275
9.460079,0.2792787,0.3858679,0.6064012,0.5146174
9.4700775,0.27929667,0.38580355,0.6063085,0.5153611
9.480077,0.27945966,0.38645712,0.6074864,0.51545644
9.490079,0.27954242,0.38604304,0.6068572,0.51515627
9.500075,0.27913675,0.3864438,0.60696405,0.51534593
9.51008,0.27930316,0.38628405,0.6072026,0.51545507
9.520078,0.28005275,0.38723552,0.606373,0.5156111
9.530076,0.2789928,0.38643137,0.6069059,0.51508236
9.540078,0.28004524,0.3862845,0.6068316,0.51509506
9.550126,0.2793278,0.3859777,0.6072388,0.5151389
9.560076,0.278634,0.38615355,0.60677326,0.51521266
9.570074,0.27936554,0.38620248,0.6067905,0.51552504
9.580072,0.2796123,0.38644764,0.60659367,0.5155403
9.5900755,0.27917108,0.38589206,0.6068549,0.5149459
9.600074,0.2788835,0.38608965,0.60717505,0.51594144
9.610076,0.27954447,0.38588557,0.6062043,0.5163558
9.620073,0.27901262,0.38616922,0.6070674,0.51503956
9.6300745,0.2789086,0.3859294,0.60635704,0.51546186
9.640075,0.2794447,0.38604155,0.60608834,0.51524806
9.65009,0.27919042,0.38672772,0.60709286,0.5152597
9.660076,0.27904287,0.38625324,0.6066855,0.5154414
9.670073,0.28015387,0.38608548,0.60684663,0.51554275
9.680076,0.27919838,0.38547808,0.60661477,0.51550746
9.690072,0.2793299,0.38706383,0.6069178,0.5152668
9.700074,0.2788645,0.38549426,0.60708666,0.5154381
9.710075,0.2796286,0.3857875,0.6069161,0.5154144
9.720075,0.2796887,0.38637334,0.6062143,0.5154918
9.730073,0.27973273,0.3863653,0.6063238,0.51532197
9.740088,0.2780055,0.38596147,0.60615784,0.51632047
9.750097,0.28010973,0.38627347,0.60646904,0.5155711
9.7600765,0.2788588,0.38615644,0.60621786,0.51562536
9.770074,0.27994138,0.38613242,0.60700953,0.51540405
9.780075,0.27905414,0.38634053,0.60662407,0.51535475
9.790073,0.27936223,0.3860981,0.60595006,0.5158073
9.800078,0.27912438,0.3858311,0.6061814,0.5146885
9.810073,0.27921417,0.38626078,0.6066879,0.5151606
9.820075,0.27978113,0.3862816,0.60757446,0.5155689
9.830073,0.2787974,0.38622096,0.60629785,0.5153704
9.840073,0.27957278,0.38625008,0.6066895,0.51488775
9.850092,0.27903652,0.3849321,0.6069052,0.515856
9.860073,0.27997273,0.38625267,0.6061455,0.5152814
9.870075,0.2797065,0.38695478,0.6059694,0.51459515
9.8800745,0.2792812,0.3861252,0.6065563,0.51573175
9.890075,0.27753654,0.38595352,0.60682106,0.5149448
9.900078,0.28056592,0.38690192,0.60680366,0.5152787
9.910084,0.2759384,0.38350803,0.606308,0.5145268
9.920082,0.27808538,0.3869087,0.60639673,0.5155717
9.930075,0.27900317,0.38527757,0.605744,0.51522744
9.940076,0.27918822,0.386221,0.6067988,0.5160515
9.950092,0.27895358,0.3854995,0.6065971,0.515598
9.960075,0.27920192,0.38579592,0.6067045,0.5159454
9.970074,0.27960944,0.3864927,0.6065147,0.51550543
9.980073,0.27875236,0.38537863,0.6059346,0.5149657
9.990076,0.27922258,0.38624626,0.6064872,0.51604694
10.000088,0.27907774,0.38558474,0.60668397,0.5152387
10.010081,0.27958956,0.3861081,0.6071171,0.5156111
10.020076,0.27910456,0.38627875,0.6058183,0.5154569
10.030076,0.27922088,0.3863908,0.60706854,0.51532435
10.040074,0.2792839,0.38520223,0.6070718,0.514972
10.050096,0.27912223,0.38607857,0.60636806,0.515508
10.060077,0.27962685,0.38519657,0.60690206,0.5148986
10.070075,0.28017312,0.38693178,0.6061827,0.5153321
10.080073,0.27855048,0.38573426,0.60665643,0.5155821
10.0900755,0.2795564,0.3858831,0.60603523,0.5156422
10.100074,0.27923417,0.38594306,0.60727423,0.51532865
10.110073,0.278566,0.38623425,0.606537,0.515983
10.120075,0.2800135,0.38746408,0.60648006,0.51522887
10.130073,0.27983606,0.38602725,0.60689086,0.51553315
10.140075,0.27929565,0.38674685,0.6062067,0.5153845
10.150088,0.2793773,0.3863608,0.60617274,0.5142852
10.160074,0.279195,0.386289,0.60667574,0.5154395
10.170075,0.27966267,0.38663313,0.60643303,0.5149743
10.180073,0.27977943,0.386621,0.6073051,0.51503843
10.190076,0.2791375,0.3863184,0.6062607,0.5151627
10.200074,0.2802152,0.38644475,0.606594,0.5153232
10.210073,0.27914798,0.38529387,0.6061523,0.5146454
10.220074,0.2800141,0.3869871,0.6070902,0.5155805
10.230078,0.27869046,0.386258,0.60654324,0.51530737
10.240074,0.27902704,0.38594988,0.60710764,0.51517403
10.250092,0.27938476,0.38627914,0.6065399,0.51498085
10.260078,0.2792148,0.3859076,0.6068392,0.51547897
10.270074,0.28049958,0.38620707,0.6061838,0.51569563
10.280075,0.27928942,0.3861329,0.60682124,0.51560855
10.290075,0.27955234,0.38605714,0.60669357,0.5155917
10.300076,0.27918425,0.38579267,0.60658085,0.51570725
10.310075,0.27957246,0.3866742,0.6061379,0.51460797
10.320075,0.27999514,0.38626665,0.6066535,0.5145809
10.330074,0.27873996,0.3865924,0.6059857,0.51554924
10.340074,0.27882802,0.38560694,0.60708886,0.5155528
10.350091,0.2792895,0.38664043,0.60658497,0.51538694
10.360076,0.27904877,0.38611877,0.6063068,0.5156891
10.370075,0.27943155,0.38565406,0.60672903,0.5158854
10.3800745,0.27934623,0.38618338,0.60610425,0.51483417
10.390073,0.27918354,0.38632736,0.6067667,0.5154641
10.400074,0.279625,0.3862756,0.606397,0.5155621
10.410104,0.27889436,0.38587403,0.60612804,0.514906
10.420094,0.2782758,0.38560617,0.60648584,0.51467854
10.430079,0.2783063,0.3853883,0.60681945,0.5155125
10.440074,0.28006038,0.3861073,0.60617214,0.5150716
10.450093,0.2792597,0.3859081,0.6068747,0.51513547
10.460074,0.28035238,0.38585243,0.6060575,0.5153548
10.470074,0.27900115,0.38625625,0.60676724,0.5151952
10.480076,0.279423,0.3864799,0.6068712,0.5157487
10.490075,0.2783516,0.38567102,0.60631114,0.5151578
10.500075,0.2789547,0.3863318,0.606237,0.515423
10.510075,0.2800107,0.3863977,0.6069229,0.51554656
10.520074,0.28009677,0.3867489,0.606964,0.5149904
10.530073,0.2796847,0.38573217,0.60687345,0.5151905
10.540074,0.27920154,0.38624638,0.60606635,0.5155166
10.550092,0.2790086,0.38584045,0.6059152,0.51549745
10.560074,0.27961475,0.38627112,0.6068832,0.5151391
10.570081,0.2799022,0.38605157,0.6057894,0.51465917
10.580074,0.27996904,0.38692814,0.60664773,0.515063
10.590074,0.27857462,0.38577902,0.6062444,0.5150127
10.600076,0.27958345,0.38587567,0.60538113,0.5152519
10.610073,0.27935994,0.38607427,0.6065838,0.5148835
10.620075,0.27989626,0.38633844,0.60642713,0.5152652
10.6300745,0.28031042,0.38739616,0.60701925,0.5157066
10.640075,0.27977002,0.38603124,0.605984,0.51594687
10.650092,0.2786606,0.38517836,0.6059915,0.5155561
10.660073,0.27862623,0.38525248,0.60625076,0.51459634
10.670075,0.27862158,0.38560593,0.6067692,0.5148914
10.680075,0.27797672,0.38533092,0.60591614,0.51466435
10.690075,0.27810887,0.38532624,0.6070131,0.5154872
10.700075,0.27867413,0.3848174,0.6056856,0.51518124
10.710073,0.27790868,0.3850894,0.60654825,0.5155292
10.720075,0.2781696,0.3859722,0.60623807,0.51523316
10.730075,0.2788812,0.3858472,0.6063253,0.51501864
10.740102,0.27921954,0.38576877,0.60692316,0.51493937
10.750102,0.27854237,0.38533902,0.6073795,0.5157593
10.760075,0.27924547,0.38619244,0.6061996,0.5149885
10.770075,0.27899098,0.38549346,0.6071745,0.51505315
10.780075,0.27939737,0.38635743,0.60833853,0.5150865
10.790074,0.27900657,0.3855313,0.6070219,0.5149055
10.8000765,0.27917522,0.386176,0.6069482,0.5143983
10.810073,0.27918932,0.3856471,0.6059625,0.5145771
10.820075,0.27935392,0.38612556,0.60580677,0.5154193
10.830075,0.27885607,0.38581625,0.6067712,0.51481646
10.840075,0.279041,0.3861858,0.6069157,0.51507056
10.850095,0.2785572,0.38580796,0.60540414,0.5156944
10.860077,0.27816695,0.3857853,0.6064382,0.5152146
10.870075,0.27971527,0.38554946,0.6065378,0.5149808
10.880074,0.27894735,0.3856437,0.6056836,0.5156792
10.890075,0.27874398,0.38635847,0.6063414,0.51478726
10.900074,0.27899978,0.38528493,0.60593367,0.51534235
10.9101095,0.27977723,0.3837786,0.6058929,0.5153364
10.920084,0.27857655,0.38500574,0.60659397,0.51592255
10.930076,0.27925214,0.3858419,0.6065797,0.5155737
10.940075,0.2796078,0.38597614,0.60630625,0.51529574
10.950102,0.28020394,0.3857292,0.6067058,0.5153686
10.960077,0.27930242,0.38596666,0.6059914,0.51497126
10.970074,0.2789247,0.38666084,0.60695136,0.51506346
10.980073,0.27887776,0.38577977,0.60676503,0.515364
10.990076,0.27977273,0.38642305,0.60647947,0.51539123
11.000084,0.27907738,0.38553715,0.6061122,0.515501
11.010083,0.2790874,0.38556466,0.607196,0.51518756
11.020077,0.27889198,0.3855514,0.60583824,0.51554704
11.030073,0.27980724,0.3857637,0.60639596,0.5147482
11.040075,0.2798514,0.38618135,0.60588545,0.5149899
11.050092,0.27889115,0.38634446,0.60645795,0.51437545
11.060075,0.2795844,0.38617864,0.6055368,0.51490486
11.070078,0.27888235,0.3864794,0.6066765,0.5153797
11.080075,0.27931014,0.3855185,0.60706055,0.5160742
11.090073,0.27908504,0.38581464,0.6063486,0.5152641
11.100076,0.27944842,0.38604662,0.606215,0.51560944
11.110077,0.27864352,0.38632837,0.6059215,0.5154225
11.120074,0.2803167,0.3858588,0.6068199,0.5152797
11.130078,0.27834162,0.38617486,0.6055633,0.5150331
11.140077,0.27929693,0.38635656,0.6067061,0.5153942
11.150094,0.2783303,0.3861232,0.60637045,0.51472515
11.160075,0.27883917,0.38644364,0.6060695,0.5151512
11.1700735,0.27921307,0.38576263,0.6067718,0.5143332
11.180075,0.27879182,0.38569346,0.60693085,0.5154688
11.190075,0.27855,0.38571024,0.6068067,0.51490295
11.200075,0.27905032,0.38559943,0.60529274,0.5152829
11.210078,0.2794358,0.38643473,0.60789776,0.5147721
11.220099,0.27801576,0.38552123,0.60542524,0.51522166
11.230079,0.27909222,0.3861535,0.6080553,0.5153738
11.240074,0.27952003,0.38550428,0.6050596,0.51581156
11.250094,0.27944076,0.3858197,0.60505044,0.5145201
11.2600765,0.27890548,0.38594022,0.6070234,0.51525474
11.270073,0.27897507,0.3861582,0.60517454,0.5137934
11.280075,0.27906772,0.3854058,0.6067123,0.5147329
11.290073,0.27923128,0.3857425,0.606728,0.5163968
11.3000765,0.27874327,0.3859486,0.6063311,0.5174872
11.310073,0.27923715,0.3865809,0.6061849,0.51468635
11.320075,0.27891564,0.38564983,0.6058574,0.515167
11.330073,0.27931565,0.38572377,0.6065162,0.5155948
11.340075,0.27893925,0.3862708,0.6051088,0.5153649
11.35009,0.27954084,0.38585702,0.6058937,0.5159425
11.360073,0.27932063,0.3863336,0.60672736,0.5153461
11.370075,0.27921712,0.38544545,0.6059092,0.51492727
11.380074,0.27935782,0.3860462,0.60662216,0.5153494
11.390075,0.27876472,0.3853076,0.6067972,0.51546323
11.400075,0.28006697,0.3865721,0.60665774,0.5148501
11.410087,0.27929792,0.38632423,0.6070816,0.5140788
11.420082,0.2797535,0.38687664,0.60601276,0.51525915
