elapsed_time_sec,ch0_voltage_lp_ma,ch1_voltage_lp_ma,ch2_voltage_lp_ma,ch3_voltage_lp_ma
2.2000004e-06,2.8182631941230434,2.6069647535566873,2.500254011857664,2.562682442017567
0.0104881,2.817632487000118,2.605730608837411,2.5002409977544575,2.563550037494848
0.0204877,2.8170037579730676,2.6045242653071345,2.5002614764195794,2.5644211699613986
0.0305357,2.8163588505319823,2.603319336722691,2.500293208494604,2.565281053077834
0.0403034,2.8157067444580695,2.6021368866844203,2.5003562563288613,2.5661579101671887
0.0503953,2.8150614010891086,2.600936169514618,2.50044687474973,2.5670137310928256
0.0603436,2.8144062141676924,2.5997136507266254,2.5005242151822205,2.5678607674810707
0.0707355,2.813749980349974,2.598527512502868,2.5006080590303803,2.5687158298859485
0.0803879,2.813069810482622,2.5973588633580227,2.5006843478785865,2.569587437897581
0.0906069,2.812393963174754,2.5961642333320247,2.500801126233668,2.570425629580674
0.1003489,2.8117041805113634,2.5950010297541297,2.500929241331401,2.571252749176036
0.1105723,2.8110341032758477,2.593842506349424,2.5010659796916572,2.572065844395362
0.1204332,2.8103534983805467,2.592702496887495,2.501201568109144,2.572869196998133
0.1306817,2.8096360879552265,2.591543071340836,2.501354519624607,2.5736809105970653
0.1403667,2.8089572517060684,2.5903933512429425,2.501510173161366,2.574484700622608
0.150432,2.808257876220156,2.5892422479837456,2.5016932154814526,2.575271226299669
0.1603776,2.807571184049142,2.5881302162872384,2.501885699382383,2.5760622264303485
0.1703825,2.806883693255975,2.587021122355564,2.5020900329326166,2.5768582923264294
0.1805656,2.8061937225801854,2.5859227506042304,2.5022840206045545,2.577639395193851
0.1905518,2.8055024199225835,2.5848052941892283,2.502503658123158,2.5784112918577975
0.2003682,2.8047966372178355,2.583702827516155,2.5027210926357677,2.579192689098153
0.210743,2.8040984561649727,2.5825897766938963,2.502950201078374,2.579973385627221
0.2208753,2.8033944464643215,2.5814946373763,2.503217194109591,2.5807429239889124
0.2305216,2.8026628347984524,2.580384555214757,2.5035110234979427,2.5814768573919733
0.2407228,2.801927805286983,2.579338239929646,2.5037623108721605,2.582187020185945
0.2505873,2.80121073518092,2.5782706805588678,2.5040394532444448,2.582941421635141
0.2605716,2.800496088758722,2.5771943545362106,2.5043275469006687,2.5836697665236397
0.2704694,2.799771134953465,2.576120466371209,2.504656531525623,2.584358639799355
0.280682,2.799051680689908,2.575047951361643,2.5049876698677123,2.5850733825086993
0.2907025,2.7983186048264868,2.5740093972758555,2.505325931106533,2.585795904915097
0.3003088,2.797579314662401,2.572975187658665,2.50564700962353,2.5864597415150112
0.3104652,2.7968317911126173,2.571959853702683,2.505989180319556,2.587138010938608
0.3206195,2.796102414583536,2.570925444483683,2.506343254684478,2.587793148025407
0.3304709,2.7953777419975463,2.5699000352499652,2.5067028302163368,2.5884656279771643
0.3404248,2.794642239130087,2.568900779352167,2.5070691373955993,2.5891209887493387
0.3503119,2.7938997274590576,2.5678673454049012,2.5074559694943064,2.5897659150421912
0.3602734,2.79314917471134,2.56686241344071,2.5078265991575033,2.590378036038872
0.3703431,2.7923697865449153,2.5658516607802215,2.5082109014416134,2.59097217485572
0.380634,2.7916358428536423,2.5648573875267924,2.5086189319475904,2.5915716871729653
0.3906846,2.7908800754358496,2.5638815435408655,2.509032361964847,2.5921451287346553
0.4003483,2.7901346101586495,2.562894158514053,2.5094668486351757,2.5927124579174348
0.410806,2.7893720437925063,2.5619264874326215,2.509915027387088,2.593302865526975
0.4205806,2.78858925474751,2.5609551514327697,2.5103672135637347,2.5938766453041424
0.4302215,2.7878197230816664,2.559999831196988,2.510798007587877,2.5944450813626116
0.440711,2.7870507546681056,2.5590427211361506,2.5112490169400945,2.5949863272758935
0.4508559,2.786262913010128,2.5581055325033795,2.5117080911028573,2.5954964227507564
0.4605697,2.78550580379253,2.557145236475569,2.5121831326592265,2.5960121560904006
0.4708602,2.7847423387063404,2.556209866783435,2.5126534777848013,2.596534832921239
0.4803689,2.7839860588122862,2.5552494190471697,2.5131208139594827,2.5970396981842216
0.4904488,2.783200978635943,2.5543171173381176,2.5136036531921886,2.5975424170608212
0.5006973,2.7824265940593276,2.553408915284129,2.5140768484898026,2.598033554909495
0.5107692,2.781631502250883,2.552495514417661,2.5145936548496346,2.59849603996753
0.5207127,2.780835955777048,2.551615528060229,2.515118585442785,2.5989527483632773
0.5303927,2.7800438842370148,2.550711561394155,2.515619320208035,2.599381692115043
0.5404862,2.7792346685635385,2.5497969202293285,2.516155494633013,2.5998184234351935
0.5506044,2.778425389808403,2.5489042886156024,2.5166994268602925,2.6002430939802554
0.5603056,2.777631138815027,2.5480077441676356,2.5172413820750377,2.6006524603944308
0.5705137,2.7768189434123567,2.5471440184653527,2.517791752674231,2.6010422220134646
0.5804444,2.7760093901505254,2.5462971451724172,2.51833968349476,2.6014156663778096
0.590269,2.7751894921405653,2.545443592311475,2.5188996216764803,2.601808771469835
0.6003947,2.7743879250184125,2.54460728325145,2.5194870645276275,2.602172066582172
0.6105783,2.773576670627665,2.543771935543779,2.520066183956838,2.60252354047768
0.6205511,2.7727683595746186,2.542945852935306,2.5206586577807633,2.602868004508333
0.6303466,2.7719300387599253,2.5421134166542134,2.521258461023734,2.6031896725199877
0.6402825,2.7710912242485235,2.541304824405554,2.5218598357563846,2.603492953913327
0.6504643,2.770260794060473,2.5405018723780115,2.5224355751233607,2.6037777818688292
0.660549,2.7694307074337545,2.5396797260399517,2.5230471126952505,2.6040625791091276
0.670406,2.7685837579290546,2.538904769790935,2.523663716702754,2.6043448106155087
0.6804114,2.7677333156692914,2.5381355487707262,2.5242942205229233,2.604605924879582
0.6905156,2.7668869665137215,2.5373620052616808,2.524906326905833,2.6048572313027805
0.700202,2.7660453467365778,2.5365983666358645,2.5255264926579053,2.605069620316543
0.7102479,2.7651799113367055,2.5358319693805305,2.5261617171002912,2.605280740454596
0.7203356,2.7643488168986194,2.535072461282362,2.5268236658548977,2.605483986706912
0.7304764,2.763519033287735,2.534326299283699,2.5274753562235928,2.6056505037975386
0.740581,2.762680881371174,2.5335960268266944,2.528123088638333,2.605817641504689
0.7505213,2.761826875737343,2.5328527362300193,2.5287858814843633,2.605960262313348
0.7601359,2.7609693322663587,2.5321176619018275,2.52944208719202,2.6061262309664652
0.7702731,2.7601372149247076,2.5313889474212847,2.5300960208254986,2.606275651695015
0.780448,2.7592746144429134,2.530715413385209,2.530779055488309,2.6063909398155904
0.7902865,2.758430428028849,2.530025579696406,2.531446960361848,2.6064923365735875
0.8003761,2.7575890867423487,2.5293505893805888,2.5321186096494945,2.606579636408558
0.8106819,2.75673721564277,2.5286873296815684,2.5328037453894905,2.6066530803790773
0.8203104,2.7558622532651866,2.528016174679437,2.533494616044795,2.6067156652492387
0.8302745,2.7549938055310825,2.5273754195202196,2.5341925413010418,2.606771251051453
0.840469,2.7541223017308822,2.5267196239151115,2.5348901893072764,2.6068171021436566
0.8503741,2.753259511516254,2.5260695925292826,2.5355756899258495,2.6068643481000326
0.8608451,2.752387054055563,2.5254315484145717,2.5362619346844144,2.6068689681598403
0.8706783,2.751506455049086,2.5247655228688246,2.536943156986286,2.6068624378865857
0.8807172,2.75061719997411,2.5241255614004445,2.5376409217043014,2.6068490212854676
0.8903405,2.749734810444073,2.523546543450397,2.5383382809280435,2.60681358036296
0.9005872,2.74888292157932,2.52293606416055,2.5390424979355983,2.606750650868198
0.9103331,2.748023902485156,2.5223410481347908,2.5397388110878416,2.6067004432574676
0.9204462,2.747140281942025,2.5217495215821706,2.540436673006963,2.606642041231021
0.9304995,2.746252490691246,2.5211626104056326,2.5411349678588038,2.6065809461935374
0.9402175,2.7453779549082946,2.520592784492811,2.541830449757716,2.6065048086821485
0.9504038,2.7445018411215285,2.520067323106843,2.5425222632479882,2.606404099428048
0.9604465,2.7436215214792057,2.5195309663070597,2.543227568522332,2.6063015043609004
0.9706274,2.7427352479755736,2.5189731650840352,2.543935024017688,2.6061613227838336
0.9802531,2.7418368041043846,2.518437808717465,2.544641935303408,2.6060110019942786
0.9906598,2.7409312313899217,2.51790828781243,2.545330435157375,2.605871070178011
1.0003042,2.740052379124677,2.517389090643391,2.546035743303105,2.6057235445560405
1.010468,2.739168806872914,2.5168614293762195,2.5467512833354244,2.605538957077916
1.020575,2.7382561388614333,2.5163632219392684,2.547468494204167,2.6053645542551833
1.0304865,2.7373907618687054,2.515875803788888,2.548175653748218,2.6051633893696633
1.0404643,2.7365018442635938,2.515369456784695,2.548893080095812,2.604949810074986
1.0504861,2.7356236281083013,2.5148725615062633,2.549626132588004,2.6047130330254613
1.0603626,2.734738109037453,2.514382697510183,2.5503469855885172,2.604481744666589
1.0704155,2.7338382899945457,2.5138933023093815,2.5510543173991707,2.604229078993127
1.0805624,2.732953218236128,2.5134258874301447,2.5517898087599096,2.6039843851935682
1.0904276,2.732048166078384,2.5129717062838886,2.552532447913814,2.6037235750281345
1.1006176,2.7311717757521765,2.512512067555447,2.5532765693292125,2.6034414083951063
1.1101876,2.7302857660716655,2.5120780807969547,2.5539888693666186,2.6031386134730847
1.120315,2.7293783926332593,2.5116597207403983,2.554703975754721,2.602841166300842
1.1304638,2.728454335340631,2.5112343608613004,2.5554250372904717,2.6025279791647393
1.1405303,2.7275205302008043,2.5108291412578003,2.556161778412276,2.6022074040969065
1.1506017,2.7265968864746712,2.5104317862489878,2.5568567664474693,2.601881710166151
1.1604935,2.725690684852271,2.5100195642493723,2.5575766379864784,2.601540017474367
1.1706583,2.724780557458972,2.509599854484483,2.5582846188421575,2.6011607724963035
1.1805294,2.723876414913239,2.509222405027302,2.5589927197431597,2.6007975235936036
1.1905993,2.722973704722062,2.5088752395212253,2.5596824878863975,2.6004067309514456
1.200334,2.722080083890848,2.5085285426143895,2.5604234516608804,2.6000101796900226
1.2101963,2.7211598469320535,2.5081540447443107,2.561142765305377,2.5995946114545734
1.2203512,2.7202416099059508,2.507816236760328,2.561832500442848,2.599154871905775
1.2305357,2.719319713220726,2.50746257768009,2.5625371771284438,2.5987139615731443
1.2408015,2.7184251592481448,2.5071145476374777,2.5632541632539,2.5982681528734286
1.2502294,2.7175258049776105,2.506771983633223,2.563967017537781,2.5977896385567347
1.2603043,2.7166303756944217,2.5064459424821255,2.5646691662560572,2.597316919957272
1.2706012,2.7157362153599363,2.506152730897133,2.5653628261417225,2.596825985165821
1.2805825,2.7148213795660534,2.5058697966996624,2.566037063299739,2.596330449568299
1.2904578,2.713901071203584,2.5055696976461532,2.56673558934155,2.595821887715253
1.3008734,2.7129898496511515,2.5052662420888034,2.5674224223249347,2.5953059814895214
1.3102039,2.7120928857518543,2.504973170292377,2.5681162963553072,2.594775765925763
1.3207071,2.7111650291884537,2.504693639831272,2.568810500459091,2.5942491397371956
1.330471,2.7102363285598,2.504404917943614,2.5694969995620314,2.5937168440790854
1.3406745,2.709307530939434,2.5041308304349412,2.5701604901315243,2.593189414609042
1.3502331,2.7083760557105103,2.5038803924357165,2.570832337982493,2.5926244290266944
1.360385,2.707454855768163,2.503624879511299,2.57150642397579,2.5920585917367718
1.3705662,2.7065222885297633,2.5033953691516007,2.5721903190893847,2.5914952384369516
1.3802578,2.7055891153294933,2.503183524632101,2.572861095701862,2.5909260964283467
1.390394,2.7046596464328827,2.5029732335536408,2.573523061345009,2.590337248718229
1.4005146,2.7037482411062626,2.5027581866766533,2.5741961230597807,2.589747408455335
1.4105195,2.702821669473997,2.502560246447869,2.574859872166858,2.589160099087796
1.4201757,2.701919068306144,2.5023831842950384,2.5754950511407935,2.588542709415496
1.430682,2.701004080213304,2.5021808615284535,2.576124131959295,2.5879184145521794
1.4403645,2.7000844180188275,2.502001200661073,2.5767703827637365,2.5872847304477737
1.4502726,2.6991652857000563,2.501854206028829,2.5774032818441692,2.5866571635791464
1.4605403,2.6982425168064355,2.5016848096710476,2.5780236603845617,2.586015940879774
1.4702052,2.697331671037657,2.5015236651278685,2.578655441960551,2.585390403843696
1.4803042,2.696409477996062,2.501397865052902,2.579284289458807,2.5847314714312843
1.4904644,2.695482447673675,2.5012777200198926,2.579908137150169,2.5840764339494293
1.5005081,2.6945413078434037,2.501139254675948,2.5805070559104895,2.5834005932350586
1.510469,2.6936215069486416,2.5010425614469427,2.581112147713984,2.582717514232599
1.5204506,2.6927181397724347,2.500950233038724,2.58168500949519,2.58204488308297
1.530241,2.691802615487951,2.5008442297887528,2.582266490727667,2.5813681068426995
1.540309,2.6909037444555755,2.500757372713728,2.5828284710792784,2.580675589009524
1.5503066,2.690002176478378,2.500661412915596,2.5834117590034578,2.579995926834115
1.5604801,2.6890968042696946,2.5005988852815184,2.5839772514449315,2.5793033162335295
1.5705515,2.688177754886983,2.500521839620286,2.5845354183451317,2.5785905141337073
1.5804999,2.6872638008806806,2.50046125477547,2.585115025887662,2.577878515487421
1.5902674,2.686325150739305,2.500416062487198,2.585701321067761,2.57716681634054
1.6005534,2.6854020523199154,2.5003782639511107,2.586273377967158,2.576456323167684
1.610104,2.684501565464069,2.5003445066374708,2.5868422416035286,2.5757238076953763
1.620276,2.6835925305121036,2.5002907419222153,2.5874124597924557,2.574996269374899
1.6303188,2.682680220372525,2.500245680623378,2.5879754035166602,2.5742725810528606
1.640474,2.6817777352029815,2.500207097527138,2.588521663068941,2.5735243313722633
1.650528,2.6808681740431393,2.5001844261506623,2.589069556979755,2.572783420741431
1.660237,2.6799528364546625,2.500155866443164,2.5895848484163517,2.5720212823536084
1.6704351,2.6790219657594347,2.5001504576858773,2.5901011108840146,2.5712716954273094
1.6806476,2.6780954807489965,2.500132602529545,2.590599796369115,2.570508107544782
1.6904612,2.677189973689355,2.5001406805835864,2.5911081032477425,2.5697348715545885
1.7004731,2.676278906764595,2.5001531856434456,2.5916126259296,2.5689828779578683
1.7105997,2.675374629794728,2.500167602069163,2.592105579315689,2.568227804841952
1.7206613,2.6744685953203318,2.5001860731165566,2.592586038041049,2.567458179935662
1.7303019,2.6735666937492915,2.500226249337011,2.5930736853873495,2.566681440893274
1.7404598,2.6726452922308708,2.5002735435853327,2.593551407226995,2.565891926530707
1.7504818,2.671740763074757,2.5003334951238356,2.594021315066112,2.565108314713378
1.7602867,2.6708342481943093,2.500399820229766,2.5944468263154934,2.5643295126076024
1.7703383,2.669912328860929,2.5004740486902275,2.5948876390586664,2.5635775326418244
1.7804402,2.6689892620835303,2.5005392261535353,2.5953237766186468,2.5628102653455547
1.7904737,2.6680792286459996,2.5006299475586817,2.595762356351143,2.562035024537396
1.800511,2.6671660000677506,2.500710683457644,2.5961812839566116,2.561266153258891
1.8102129,2.6662548521858946,2.5008000715443597,2.596608734965625,2.560483945051771
1.8204799,2.6653536319025206,2.5008799969361952,2.5970242448089853,2.5597036848435066
1.8306199,2.6644459347983145,2.500969182566512,2.5974315907215466,2.558909859530468
1.8407339,2.6635622288997713,2.501072238470186,2.5978356568447385,2.558124290793307
1.8502223,2.6626428226566263,2.5011939022166128,2.598231938542248,2.5573445265379364
1.8603992,2.661740884798243,2.5013119597064963,2.5986145761519683,2.5565639579422306
1.8705761,2.6608410679333394,2.50141462174468,2.599001388649317,2.5557587125747685
1.8804547,2.659926417324433,2.501533030720285,2.5993677085320757,2.5549637229051125
1.8901204,2.6590500116513116,2.501663661651698,2.599717012178779,2.5541668712492434
1.9003539,2.6581624714419836,2.50181211078652,2.6000945986229573,2.5533843333548334
1.9102538,2.657277103393325,2.5019720924600475,2.6004640566081587,2.5525893138901536
1.920291,2.6563964526903043,2.5021504790698974,2.6008059111981257,2.5518079545960863
1.930396,2.655498596323361,2.5023152971284177,2.601134905969985,2.5510255588480373
1.9405797,2.6546033392917963,2.5024823690116427,2.601447626208861,2.5502374081424573
1.9506241,2.6537237639561733,2.5026695004367996,2.6017618019336877,2.5494513148717437
1.9605078,2.6528245800972563,2.5028488207220114,2.6020625228831102,2.5486907269016137
1.9701118,2.651920052047355,2.503045327337814,2.6023713124404737,2.5479125832508704
1.9801782,2.6509982284599642,2.5032520682314634,2.602662749079999,2.5471430658647183
1.9904728,2.6501146721812177,2.5034675303985416,2.6029392830907634,2.5463401046792438
2.0005624,2.6492186915646525,2.5036950991458893,2.603251307763948,2.545535811026555
2.0103097,2.6483311527685984,2.5039010125782317,2.603531146714156,2.544724303237349
2.0204375,2.6474197610698647,2.504114835605315,2.6038050755274926,2.543922575496216
2.0302095,2.646523619269498,2.5043349380945332,2.6040716436162357,2.5431487504212607
2.040555,2.6456436443904057,2.5045526555111577,2.604322113115992,2.5423779423843893
2.0502741,2.6447581787951524,2.5047977416897904,2.6045632109666825,2.54160125460259
2.0603216,2.64388768688385,2.5050393061610152,2.604780162937661,2.5408459059978457
2.0708563,2.6429952966178045,2.5052871983529217,2.6049949804230597,2.5400683603129033
2.0803406,2.6420996910978842,2.505521868228983,2.605206308214389,2.5393217262136436
2.0903902,2.6412195466412953,2.5057694890411697,2.6054216733866946,2.5385614147508155
2.1005967,2.6403382515927096,2.5060288478373165,2.6056153892641367,2.5378117475058057
2.1105597,2.6394521369774386,2.5063007971876847,2.6057871782023265,2.5370500789429498
2.1203294,2.638584126409176,2.5065753258990724,2.605981510695196,2.536291697470325
2.1303082,2.6377262816523412,2.506847015919991,2.606152412984666,2.535546077489288
2.1405346,2.6368578180797133,2.5071345461501253,2.606317397426208,2.5347975714062985
2.1501727,2.6359568211562223,2.5074203228104635,2.606455096460057,2.534067251259298
2.1605344,2.635087150694549,2.5077065018358233,2.6066136613487707,2.5333573266366702
2.1706817,2.634219311305278,2.508006109428197,2.6067397703402477,2.5326418126791546
2.1804771,2.633331733837796,2.5083092046980986,2.6068817422140342,2.5319208058589195
2.1908455,2.6324599498467847,2.5086261154186604,2.6070123698033814,2.531217467524046
2.2004747,2.631597824404665,2.5089422692262184,2.607139136145093,2.530506430086073
2.2106564,2.63070540308274,2.5092579286324996,2.607246962166224,2.5298071477846182
2.2204916,2.629816294075278,2.5095949982953316,2.607340270898001,2.529105587348802
2.2304125,2.6289686473963503,2.5099265304987597,2.6074290944527445,2.528426467279828
2.2410378,2.6281051956136925,2.510268603532555,2.6075044044923836,2.5277436504949793
2.250444,2.6272551354758207,2.510628842640545,2.607569723266183,2.527064613177187
2.2606642,2.626423473288577,2.510987613791678,2.6076122004049305,2.5264095896845418
2.2707632,2.625562792129784,2.5113409648577414,2.607674398364887,2.5257284266615203
2.2803252,2.6247048601943033,2.5116935417179387,2.6077305234598245,2.525062922134975
2.2907658,2.623867201847969,2.5120468960621753,2.607759774089041,2.524396476676191
2.3002498,2.623012708744348,2.512412743205805,2.60778786331744,2.5237425854026707
2.3102186,2.6221658656107487,2.5127697054473312,2.6077962577371694,2.5231200153761684
2.320568,2.621305263053976,2.513147310459587,2.607793934830368,2.5224801915321664
2.3306072,2.6204576038707983,2.513537156218257,2.607786525950666,2.5218396620948256
2.3404794,2.619625230700678,2.5139085041451414,2.6077982270929763,2.5212050484375506
2.3504343,2.618780611992344,2.514302847401333,2.607784760515903,2.5205842045427347
2.36032,2.61794350532178,2.5146817465226223,2.6077562064998063,2.5199808723372517
2.3706536,2.617103318668193,2.5150649626490105,2.6077199005054035,2.519378576869845
2.3807845,2.6162596694974694,2.515461109565177,2.6076877763018342,2.5187844067590346
2.3903444,2.6154156918711187,2.5158597872814332,2.607634636543038,2.5182160970535383
2.4005089,2.6145698957252144,2.516264757666622,2.6075847125500977,2.5176492690653536
2.4104183,2.6137313349178846,2.516673293457358,2.6075448377278505,2.517076650896393
2.4203043,2.6129129191496183,2.5171025593879017,2.6074925666124376,2.516525083048937
2.430261,2.6120963544992057,2.517524729897892,2.6074262880368906,2.515978193309364
2.4405344,2.611280984845723,2.5179427710369278,2.6073305785814127,2.5154561226683425
2.450525,2.610443172417767,2.518370877584473,2.6072458744205376,2.5149247062334275
2.460207,2.6096253642737244,2.518813537148831,2.6071344836749546,2.5144117517961275
2.47034,2.608814044162727,2.5192526659281134,2.60701901963536,2.5138937982455762
2.4804296,2.6079981807617783,2.5196969394625404,2.606902557612887,2.5133868296645714
2.4905603,2.6071878175510896,2.5201329501073895,2.606767557064146,2.512875484559999
2.5001292,2.6063913162825325,2.5205691666381536,2.6066297357053076,2.5123704400304567
2.510301,2.6055808084648655,2.5210021279298997,2.6065038672312264,2.511870458478997
2.5204172,2.6047850654656957,2.521470294893873,2.6063718082995986,2.511383297916438
2.5305932,2.603985688874284,2.521907003679224,2.6062143898878327,2.510917143361032
2.5402532,2.603160584261254,2.5223613558754523,2.606056726201095,2.5104515832723693
2.5503,2.6023671509681505,2.52280715613818,2.6058891070209897,2.50998055192221
2.560721,2.601575451498165,2.523274143404785,2.605711128834273,2.5095377788345603
2.570619,2.600779797223381,2.523751185764943,2.605521911086273,2.509108336665209
2.5806594,2.5999944413385823,2.5242103784125716,2.605308701179301,2.5086836009189057
2.590629,2.599197623303845,2.5246689754713816,2.605105508862805,2.5082785001516514
2.6005478,2.598406615622397,2.5251254033219146,2.6048842165842445,2.5078849282001654
2.6105556,2.5976437311841165,2.5255866830352396,2.6046637900156506,2.507497405665226
2.6207545,2.596883746273587,2.526045981946809,2.6044437803806746,2.50710503303621
2.6301658,2.5961154981400982,2.5265073090853654,2.6041981960120277,2.5067253276025303
2.6406024,2.595353013443317,2.526983258282391,2.6039527631874027,2.506356288294425
2.6505582,2.594584045924366,2.527466143832791,2.6037075426559646,2.505993442036305
2.660504,2.5937985648718627,2.527964498615965,2.603457919758805,2.505630179879031
2.6705923,2.593017683316194,2.5284500800704817,2.603200812064479,2.5052815752427264
2.6803374,2.5922449934462444,2.528946100784353,2.602918729331995,2.504955048831101
2.6905744,2.591483339329663,2.5294396461585293,2.602626992374514,2.5046401399463867
2.700235,2.5907353113532534,2.529938797386904,2.6023366747300627,2.50432193109006
2.7105372,2.589981161456338,2.530428735921943,2.6020471628665915,2.5040218957526177
2.7205808,2.5892252132587217,2.5309269779452572,2.601746243427781,2.503718862263446
2.7304275,2.588453077395535,2.531436189897324,2.601433088356417,2.5034438886947483
2.7402604,2.587702621045599,2.531938246293789,2.6011083961409307,2.5031843112192327
2.7502327,2.5869523666176897,2.532433555888205,2.6007811490113584,2.5029303891214183
2.76063,2.586197274706389,2.532940157679239,2.600451195013438,2.5026694717705777
2.7702289,2.5854632413844967,2.5334505394369913,2.6000813268507823,2.5024192403040786
2.7805648,2.5847239583761077,2.5339782461109803,2.599735159226373,2.502214998103235
2.7902832,2.5839949035145002,2.5345060165563424,2.5993836490398605,2.502011987477511
2.8005629,2.58326286979778,2.5350243193072237,2.5990165921919544,2.5018019336921093
2.810881,2.582514467316859,2.5355516893963315,2.59864866894612,2.5015997656655995
2.8206635,2.5817655973413394,2.5360839039614933,2.5982819160361412,2.5013809036483226
2.8303173,2.5810126347838636,2.536600721564741,2.597918190915832,2.501180478607809
2.8406336,2.5802726306804202,2.5371378331314247,2.597529077938728,2.5010023217951507
2.850496,2.579534069007263,2.537659386484788,2.597133194026542,2.5008247388647002
2.860562,2.578804838988345,2.5381825217575047,2.5967482180531887,2.5006544765543377
2.8707697,2.5780726139935943,2.538698774464327,2.5963353476595485,2.5005102322600603
2.880529,2.577362466099765,2.539227532778497,2.5959233968555084,2.5003700872028096
2.8902755,2.5766580391136142,2.5397523225683,2.5955165738044124,2.500244140069307
2.9004443,2.5759462373078916,2.540301659724683,2.5950996312670496,2.500141991455536
2.9107625,2.575238192322878,2.5408304877582695,2.594668885145321,2.5000369293423494
2.9207914,2.5745457886670704,2.5413683469005983,2.594229594415409,2.499938945436779
2.9305182,2.573855252609741,2.5419290629283458,2.5937887458835767,2.499847667298484
2.940685,2.573162431325022,2.5424955979853587,2.593332643151679,2.499772537841407
2.9503205,2.5724630589553747,2.5430403599912714,2.592865911648259,2.499701566342872
2.9606733,2.5717770629117807,2.5435706658688644,2.592410341637143,2.49965624231232
2.970392,2.5711146496890103,2.5441119468776647,2.591951039157462,2.4996134149979814
2.9804795,2.5704276446939134,2.544651554482017,2.5914838037428454,2.499588618960638
2.9905956,2.569753281502186,2.5451889379635775,2.5910034343011645,2.499556465323343
3.000526,2.5690664824951135,2.545731795344936,2.590522440684902,2.499540820968133
3.0104375,2.5683883920536754,2.5462828903657195,2.5900457065178975,2.499545544771469
3.0206544,2.5677022851578957,2.546835100466431,2.5895787092073452,2.4995601273396306
3.0305772,2.5670212684891585,2.5473786736447788,2.589094731683989,2.4995691425819566
3.0406423,2.5663559372061813,2.547919055731571,2.5885966376061162,2.4995946625135477
3.0504339,2.565691592440018,2.5484775998757865,2.588094458834616,2.499643782135508
3.060317,2.5650341395039105,2.5490214788064924,2.5875928723190813,2.499697321430129
3.0706234,2.5643766187729256,2.549557562104848,2.587079321122016,2.4997586675191075
3.0805988,2.5637403145323594,2.550083661762608,2.586557807586077,2.4998311422966815
3.0905883,2.563077196758797,2.5506335479081534,2.586057927263787,2.499905617171946
3.1003933,2.56241160740836,2.551172031757383,2.585539970107245,2.4999978626868744
3.1102874,2.561756908229609,2.5517114681731536,2.5850182602430243,2.5000927684215877
3.120489,2.561096076299509,2.5522575297825116,2.5844845220264245,2.5001674323921392
3.1305728,2.560441653290448,2.552796713333454,2.583938471467046,2.5002775114625053
3.1404724,2.559793584540973,2.5533310110587712,2.583404787687362,2.5004034640392288
3.1505673,2.5591497251485156,2.5538578032496972,2.582855423291002,2.5005478065511215
3.1605453,2.5585071248278686,2.5543947738917687,2.582308016964614,2.500702871713639
3.170359,2.5578778076300415,2.554922175363931,2.58176247126179,2.500869344963308
3.1805868,2.5572359421154345,2.5554535500704527,2.581221973037381,2.501026964847866
3.1902697,2.5565996090011467,2.5559918025866146,2.5806709514815043,2.5011809238131213
3.200443,2.5559661726968286,2.5565225096502244,2.580113679360692,2.5013617737184015
3.210585,2.5553372301620634,2.5570488480183586,2.579562946318542,2.50154774685657
3.2204387,2.55474032165683,2.5575758448884005,2.578986975151524,2.5017344082630637
3.230377,2.5541357305820243,2.5581008612567433,2.578401176340372,2.5019287352202553
3.2406073,2.5535207977946452,2.5586282263819697,2.577821606602776,2.5021355823307547
3.2502122,2.5529165917713805,2.5591602123613506,2.5772531221318804,2.502356528894722
3.2603118,2.5523202831877065,2.5596993397149714,2.5766735632166644,2.5025907609787383
3.270224,2.551703592760742,2.560228055307941,2.576077854351323,2.5028312548350278
3.280403,2.551100230181429,2.5607537675395418,2.575488958787253,2.5030852969168125
3.290553,2.550524693754655,2.5612881581678284,2.5749013345913343,2.5033567106981978
3.3002095,2.5499218979948735,2.561816992772531,2.5743154775499364,2.5036219285246695
3.310753,2.549331966564107,2.562345415095622,2.5737243832542007,2.5038910892474022
3.3205254,2.548760035330214,2.5628658662821815,2.5731388004629476,2.5041781441302264
3.330277,2.5481719404608674,2.563381620377016,2.5725305291024245,2.504471385476197
3.3407104,2.5475807304851945,2.5639106650829704,2.571926419449569,2.504764773601593
3.3506253,2.54700128002911,2.5644133210300484,2.5713093938348126,2.50506420836511
3.3605773,2.5464134260267017,2.5649311730008613,2.57071765707319,2.5053777071456627
3.370217,2.5458593096340243,2.5654627383445177,2.570099392654354,2.505678320735963
3.3803775,2.5452914625138394,2.565987008298933,2.5695021844938286,2.5059946455077218
3.3905349,2.5447290890223755,2.5665004003477847,2.5688960048605183,2.506332298623633
3.4005003,2.544171829667697,2.5670092730932716,2.5682877216147575,2.5066788043040504
3.410416,2.543615057672951,2.567507510722427,2.5676697131975628,2.5070196970830203
3.4201167,2.5430502289777532,2.5680010123196633,2.567045817431686,2.5073695871015356
3.4302,2.542491876989582,2.5685038860223304,2.56642829551084,2.507736264974383
3.4414513,2.5419547684398838,2.5690054457092737,2.565802191231289,2.5081040925811697
3.450411,2.5414027905648995,2.5695209606468037,2.5651735953166366,2.5084573165148862
3.4605815,2.5408542171842994,2.5700300548263697,2.5645489978931333,2.5088300850796066
3.4713461,2.540314923443359,2.5705427783348958,2.5639298642766617,2.5092209933378467
3.4807527,2.5397833745677136,2.571043470779859,2.5633035291314306,2.5096004217180545
3.4909983,2.5392450183710884,2.5715367428173046,2.562671387674411,2.5099908681972316
3.5005264,2.5387236922618297,2.5720464899030833,2.5620480725782966,2.510392652359043
3.5104864,2.5381961088818263,2.5725423854727096,2.5614165622327865,2.510800325013048
3.5210328,2.537657440033609,2.573031390390239,2.560786947784199,2.5112087663359075
3.5304015,2.5371359492187286,2.5735221061044227,2.560156201855234,2.511622306604661
3.540235,2.5366291125998868,2.5740139460482325,2.559508976676488,2.5120492052958765
3.550301,2.5361172380596764,2.5745039710498276,2.5588771843955844,2.5124961531236347
3.5606532,2.535623058605378,2.5749812999964585,2.558249685180645,2.512938271464802
3.5767262,2.5351061057180813,2.5754674738708605,2.557612284170578,2.513390676262709
3.5809531,2.5346220781720614,2.5759505183106532,2.556970356429682,2.51383349350348
3.5919185,2.534125180114302,2.5764220377307354,2.5563241245218546,2.514263392255491
3.6010346,2.533636229137556,2.5769050300748466,2.5556854991244813,2.5147028833181393
3.6104612,2.5331673669746615,2.5773892952859585,2.5550484362190997,2.5151488062555214
3.620573,2.5326985899618215,2.5778531339036834,2.5544064301364964,2.5156039984266902
3.6307962,2.5322077425331257,2.5783228987492985,2.5537703751101652,2.516049515041419
3.6406336,2.5317361483310545,2.5787802118085983,2.5531240009988294,2.516509568960929
3.6505191,2.5312547734088233,2.5792447129811187,2.5525063988326497,2.517003637976713
3.6604686,2.5307873916399184,2.579710071084353,2.5518720075956223,2.517487917184749
3.6705832,2.5303211032362447,2.58017776625788,2.5512330728903136,2.5179713704279445
3.680362,2.5298573839747474,2.580637629402724,2.5506172698741323,2.5184551950767804
3.6906283,2.529404355114428,2.581080103893173,2.5499856495948783,2.518926184377845
3.700429,2.5289430962185118,2.581532195867673,2.5493400352392253,2.519403654044872
3.7102861,2.5284904629483287,2.581984004940569,2.548703184528621,2.51988276262353
3.7207038,2.528039183563039,2.582432138785375,2.5480883162878483,2.5203821845469485
3.730507,2.5275943571639536,2.582865652167196,2.5474617565670106,2.5208624886421394
3.7403643,2.527155065426884,2.5832933409311924,2.5468374807845024,2.521356093491307
3.7505534,2.5267180861949528,2.5837222958589288,2.54621744552967,2.5218622838411267
3.760573,2.5262795261000486,2.584162275175547,2.5456007675884726,2.5223735463045416
3.7703087,2.525852186458114,2.584601682040644,2.544995317518729,2.522873365004111
3.7804878,2.525421334236929,2.5850348391663727,2.5443750842743666,2.5233945063736614
3.7907522,2.525000220668022,2.5854699031807,2.5437585410277928,2.523894413920256
3.8003283,2.524592478211702,2.58589162124003,2.5431406000453944,2.524393597796036
3.8107195,2.524178962231967,2.586322406419995,2.5425191674139964,2.5249018884352576
3.8207505,2.5237600244592127,2.5867407503896405,2.5419115025228223,2.5254227456241702
3.8309412,2.523338099937041,2.5871605671019218,2.5413024928416377,2.525953576976131
3.8406966,2.5229404915354747,2.5875683945534163,2.5407034015036642,2.5264716006962393
3.8507059,2.522541317335917,2.58796792364234,2.5400962350299916,2.527000835647918
3.8606176,2.522142042443595,2.5883598233426985,2.539500794767379,2.5275205803853433
3.8704262,2.5217553173198706,2.5887479645407505,2.5388927991671544,2.528039179708641
3.8806398,2.521362234284935,2.5891448449581116,2.5382899651080026,2.528550660970054
3.8903832,2.5209730946621765,2.589525569790418,2.5377119450201846,2.529067624383044
3.9004502,2.520582951532775,2.589924723040291,2.5371217991110684,2.5295836199343835
3.910666,2.5202013807916,2.5903047505809993,2.536534499886434,2.5300997300768615
3.9208252,2.519815108590875,2.590676082705222,2.5359551670996394,2.530622036718231
3.9305162,2.519429717539129,2.591051096231343,2.5353757494783764,2.5311343742475207
3.9402914,2.5190430675621793,2.5914212156714815,2.534775108436223,2.531653511076994
3.9504697,2.5186757534810518,2.5917973418711626,2.5341763269884368,2.532156570720815
3.9605386,2.518308072989083,2.5921625465727067,2.533589131430611,2.532669743011721
3.9708207,2.517939422972606,2.592513319390978,2.5330046295848447,2.5331988575520104
3.9802856,2.5175928092866964,2.592853541802265,2.5324383486615725,2.533707763083995
3.9907167,2.5172364372538727,2.5932057410036817,2.5318642171805297,2.534215404394884
4.0004406,2.5168941986764137,2.593557674186928,2.5312978985998305,2.5347371151467493
4.0106463,2.5165552424142903,2.593906580081493,2.5307347423997575,2.5352528353827832
4.020246,2.5162066113503574,2.594247857820658,2.5301654596385936,2.535771844943219
4.0305085,2.515865670869907,2.594578649810439,2.529597708736957,2.536284902364648
4.040381,2.5155248945297255,2.5949054153788977,2.5290402533397596,2.536804149756044
4.0503483,2.515193021305954,2.5952322446183094,2.5284987306031557,2.5373352604774175
4.0607843,2.514866101082311,2.595542954172866,2.5279515812394124,2.5378268030278366
4.070675,2.5145427756016088,2.5958544602734994,2.527403658628563,2.5383293678667327
4.0802784,2.5142148169801897,2.5961694877450983,2.526872305274115,2.538829593218345
4.090563,2.5138958300842686,2.596479171230461,2.5263451521490565,2.5393443275961625
4.1006074,2.5135886973559702,2.596786250386301,2.5258072059853034,2.53985503868415
4.1107407,2.513276437164829,2.5970871895912233,2.5252822014819807,2.54036818201461
4.120345,2.5129865951891643,2.5973875256463996,2.524767071057245,2.5408849766099593
4.1305175,2.5126754032683345,2.597689789435586,2.5242423977854007,2.5413873053594096
4.140433,2.512384997800419,2.597979797405387,2.523734766980733,2.541892739418008
4.1506767,2.512081108111005,2.5982532375171123,2.52322917242184,2.542379327968414
4.160686,2.51178391168882,2.5985315123945503,2.5227213628422605,2.542858643926528
4.1705613,2.5114937557942807,2.598826288206723,2.5222183499674697,2.5433254298545447
4.180722,2.511199060565735,2.599106921956764,2.5217301323141967,2.543780010432617
4.1904497,2.5109017901416513,2.599385683455318,2.5212418040161917,2.5442522371093377
4.20066,2.510611027784954,2.599647335179435,2.5207614529071964,2.5447177218705717
4.2106724,2.51033470155918,2.599894981919743,2.5202851903299894,2.5451943152809107
4.2202787,2.5100723857765574,2.600152630034424,2.5198057784589234,2.545670005478606
4.2306895,2.5098023159174208,2.6004118321106016,2.51933331684989,2.5461295797114474
4.240303,2.509534187750366,2.6006647370131564,2.518873008526515,2.5465889320256245
4.2506166,2.5092694656609527,2.600901883565888,2.5184101345500283,2.547040214156394
4.260448,2.5090036183669424,2.6011395821181376,2.517967314537162,2.547495201003008
4.2705374,2.508752824288497,2.6013915176356766,2.517512072949606,2.5479341756305742
4.280363,2.508516618648166,2.601623073682102,2.5170639430900312,2.548377461556234
4.290394,2.5082628274788563,2.601849773842961,2.516626776069437,2.5488087001260262
4.300162,2.5080339157109797,2.6020763544805825,2.516197355769545,2.549246669259127
4.310209,2.507779453086093,2.602301346831354,2.515763378734931,2.549684716394875
4.320355,2.507552726787746,2.602511720705883,2.515337405447456,2.550117422398217
4.3300896,2.50732478661843,2.6027264725245054,2.51490086974514,2.550536147605692
4.340225,2.507089435542256,2.6029371041540643,2.514484746394974,2.5509592230093046
4.350427,2.5068621944468568,2.6031363872707347,2.5140741981629713,2.5513642117220945
4.3607216,2.5066323218024804,2.603332259424895,2.5136618738064995,2.551764569444433
4.3701997,2.5064189836433326,2.6035175417355023,2.5132704569196287,2.552163483186632
4.3803606,2.506206649996081,2.6037107232493852,2.5128745877130725,2.5525666323779106
4.390609,2.5059912531655155,2.60390072801014,2.5124770589877286,2.5529407205371637
4.400372,2.5057996131916482,2.6040709347631066,2.512078970048872,2.553315465074317
4.410354,2.5056098105054807,2.604234643422528,2.511699953819202,2.5536956073375356
4.4201283,2.5054109099268196,2.60440661673506,2.5113432422422015,2.554074959951634
4.430405,2.50521316661923,2.604571909613864,2.510982953635504,2.554435176479701
4.440465,2.5050208067028925,2.604740781276863,2.510608510629652,2.554784874972267
4.4504004,2.5048151386682664,2.604884211423198,2.510239954038584,2.555133906832188
4.460369,2.504631664711588,2.6050338713603938,2.5098763291885398,2.5554789673395555
4.4703717,2.50445601912576,2.6051905437398077,2.5095360838650236,2.5558141022967087
4.4804835,2.504285393942212,2.6053352429213534,2.5091950333452746,2.556148605108185
4.490842,2.5041020211429568,2.6054761541502125,2.508863861807766,2.556485580761599
4.5004926,2.503926655240962,2.605592848203572,2.5085267251027905,2.5568042820972545
4.5104055,2.5037560824112903,2.605725128560245,2.5081998314468996,2.557115295753093
4.5204105,2.503582549609573,2.605839276567007,2.5078968078098214,2.557410606467787
4.5302634,2.503410077421166,2.6059657321984,2.507600203165157,2.5576994439141907
4.5406933,2.5032538711647696,2.606081163310194,2.507298000556227,2.557991056576485
4.550733,2.503102725427899,2.6061988701520313,2.5070086173454036,2.5582794766904424
4.560547,2.50294977180442,2.606310299898213,2.5067323629340263,2.5585592914192694
4.570492,2.5028121451304224,2.6064200025149407,2.5064486787150786,2.558833101705281
4.580615,2.502665432485913,2.6065262842840413,2.506165244201948,2.5591042335100593
4.5904336,2.5025221672933635,2.606617632885671,2.505889051943857,2.5593634487437384
4.607347,2.5023908046069705,2.6067062056013937,2.505612480824418,2.559634616762789
4.6220007,2.5022525842495966,2.6067885713099157,2.5053565579189576,2.559883580351521
4.6221247,2.502127580090731,2.6068544201165595,2.5051004860974366,2.56011873567342
4.6385207,2.5020095847571584,2.6069241068832367,2.504850866592071,2.560368789809961
4.645026,2.5018769294084606,2.6069904715674523,2.504613968958878,2.5606060704620583
4.654486,2.5017472810194206,2.6070572513701644,2.5043845012440324,2.5608247561105415
4.6626744,2.50163169020179,2.6071257324145325,2.504161782481347,2.561041633275949
4.6781855,2.5015046880829575,2.60718969388939,2.5039319457991196,2.561247907696213
4.682644,2.501376910014192,2.607237031852963,2.5037153940002206,2.561443960553816
4.692687,2.50126283054787,2.6072904530801666,2.503510707396361,2.561622673758687
4.7043557,2.5011497601935124,2.6073338077482497,2.503306809324962,2.56180562933257
4.71225,2.501056906123112,2.60737095854342,2.5031089127105366,2.561972675120489
4.723368,2.5009567511574184,2.6074228492336604,2.502916203950192,2.5621232347708576
4.7326045,2.5008632226109517,2.607447825328587,2.502734968563386,2.562277450552474
4.7422466,2.50077910799523,2.6074667215991334,2.502556832780828,2.5624205842733296
4.752683,2.50069937038617,2.607482062121314,2.502392661642893,2.5625590565709473
4.7622843,2.500614968570398,2.6074974159835778,2.502240735883241,2.56271367600847
4.77237,2.500524294492571,2.6074959730396663,2.5020884188252595,2.562843117422409
4.7826543,2.5004307901532146,2.607494311999287,2.5019535434625486,2.5629623376353883
4.792396,2.5003506763388845,2.607494471365889,2.501808984502875,2.563070447280799
4.80246,2.5002771948976097,2.6074834078249065,2.5016702708284146,2.5631833534949084
4.812485,2.500212760867785,2.607473448567903,2.5015387585867512,2.5632731633184447
4.8223276,2.5001480288512825,2.6074591858132323,2.5014339689562757,2.5633446832268123
4.832298,2.500069640072095,2.607431841846518,2.5013310416238372,2.5634198625244835
4.8425655,2.5000066010648747,2.607410342405843,2.501215204945037,2.5634871400084203
4.852868,2.4999576919160567,2.6073892978181945,2.501111031960802,2.563533826614181
4.8624134,2.4999038007970706,2.6073601781241136,2.501027870328216,2.5635851701154353
4.872293,2.4998716497968023,2.6073126395097947,2.5009427526679633,2.5636243983536544
4.8822966,2.4998312036498724,2.6072889674765354,2.5008570881671717,2.563669279614336
4.8925614,2.4997907292383,2.6072404238732534,2.5007773002502387,2.563691571434079
4.90244,2.4997651939886225,2.607192383409671,2.500716442097021,2.5637091091175574
4.9122844,2.4997310371118298,2.607127021660122,2.5006657015502274,2.563723227512228
4.922568,2.499719770108978,2.607051421761718,2.500605694893263,2.563733347936455
4.932673,2.499712097171894,2.6069698326554223,2.5005581087227986,2.5637364630410335
4.9427714,2.499682378641272,2.6068909884374016,2.500510795787924,2.5637307305256565
4.952476,2.499660992070402,2.6067986894520745,2.500480136584626,2.563712270755033
4.962803,2.499651517218066,2.6067160197728922,2.500442113985862,2.5636889148932434
4.972729,2.4996453458459054,2.6066217563960525,2.500412351281498,2.563667093797158
4.982287,2.499633465344104,2.6065266442835484,2.5004052462448905,2.563627027320024
4.992377,2.499624007555271,2.6064283433794264,2.5003906657393804,2.56358107633437
5.00264,2.499632357218715,2.606326406190355,2.500397106451764,2.5635299629591692
5.0127497,2.4996328104374474,2.606325653406906,2.500400332638026,2.563528267723012
5.022697,2.4996347553339042,2.6063048402125455,2.5004164307193633,2.5635209917096478
5.0323224,2.499637687560506,2.6062796144324394,2.5004298363920707,2.563497077582902
5.0424843,2.499631360538422,2.606263259910567,2.500437921712281,2.56343274474262
5.0525947,2.4996337219437774,2.6062212594568583,2.5004251778159428,2.5633811461640525
5.0624547,2.4996305461986954,2.6061965364022983,2.5004230365567737,2.563297627232227
5.0727735,2.499638338394067,2.6061390686525554,2.5004305897737926,2.5631947076767005
5.082564,2.499639402663391,2.6060750073303947,2.500446330609263,2.5630859554391585
5.092824,2.4996331542642793,2.605996314858255,2.5004736511549397,2.562966555567018
5.102708,2.4996214323136425,2.6059222725342193,2.500476012395997,2.5628111068890735
5.1123075,2.4996251744983833,2.6058373554218983,2.5004693527197586,2.562652211248238
5.1228538,2.4996097457914273,2.605742800668834,2.5004846576580695,2.5625123235683263
5.132385,2.4996054303977546,2.6056364214743333,2.500477690644961,2.562344977907589
5.142713,2.4996103981308906,2.6055089261578717,2.500473929071059,2.5621531268826385
5.1527243,2.499606996126417,2.6053845208955755,2.5004948908447804,2.561953035336338
5.16234,2.499600552672903,2.605249290209621,2.5005024608875766,2.561743370234796
5.1724377,2.4995994036237725,2.605096701410804,2.500508030319144,2.5615160949645883
5.183019,2.4996030137165457,2.604948401515461,2.500498620251459,2.5612470546485477
5.1926064,2.499607952566843,2.604790050367204,2.500492308755543,2.560988037782727
5.2025566,2.4996157547453666,2.604628197165123,2.500505206169679,2.56069615277521
5.2126393,2.4996163864304544,2.60445482760048,2.5005136339239775,2.5604147790551854
5.222565,2.4996114540804735,2.6042693598581867,2.5005235366437053,2.560098603510576
5.232681,2.4996216621804237,2.6040657434182912,2.5005186443551977,2.5597736459944405
5.242717,2.4996313593844497,2.6038521381502715,2.5005171905849903,2.5594214023678012
5.252252,2.499635261849168,2.603642828360341,2.500511397663734,2.559061279271917
5.2624555,2.4996514308327726,2.6034146570734817,2.500513703731778,2.5586685203075508
5.2724013,2.4996551143452983,2.6031725468701516,2.500525389202858,2.558273852746335
5.282503,2.4996564021379197,2.602925369837754,2.500530457790097,2.5578705436111764
5.292468,2.499665503095495,2.602663753504776,2.5005175093001295,2.5574516747888882
5.302691,2.499679530521335,2.602393657320532,2.500519415864496,2.5570096378271105
5.3128405,2.499671613703022,2.602128770635412,2.500517554251653,2.5565648542814756
5.322429,2.4996822765977145,2.6018518440032703,2.5005367292312988,2.5561026400630786
5.332344,2.499672596470736,2.601569998632956,2.50053482069668,2.555628627100863
5.342642,2.4996790898415107,2.6012643379072222,2.5005334951310716,2.555138388226048
5.3524375,2.499671134889733,2.6009342228355705,2.500535760241922,2.5546475617865556
5.362494,2.499660579813863,2.600618305451059,2.500552538935032,2.554129535830101
5.372397,2.4996795623640966,2.6002996233374174,2.500587544085062,2.553597058323703
5.382528,2.4996731322500882,2.599959859557615,2.50060150770609,2.553053882622958
5.392394,2.4996694243757704,2.5995984092288347,2.500601879481814,2.5524961158592823
5.402637,2.4996692139557353,2.5992476380114207,2.500610636717205,2.551918268822942
5.4123235,2.499655019443817,2.5988696754000977,2.500613798312423,2.5513262337733864
5.422233,2.4996658177383817,2.5984847942470353,2.500629014146523,2.550711197270311
5.4322805,2.4996870583847053,2.598100366543177,2.5006353244880684,2.5501122127271745
5.442652,2.4996919740948402,2.597699560608365,2.500625062870226,2.5494869933804236
5.452719,2.4997034605712414,2.597274617967719,2.500625586861652,2.5488673805175677
5.4624887,2.4997102826014004,2.596861108951996,2.5006290517179024,2.548233530331754
5.4726353,2.4997253880530494,2.5964342226618196,2.5006383946159274,2.5475799337170155
5.4824467,2.4997334827699467,2.5959978096346172,2.5006285686252543,2.546918847123509
5.4925804,2.499726581920817,2.595572837126082,2.5006280083298793,2.546245812109937
5.502523,2.4997265898653063,2.5951443312841813,2.5006149381217035,2.545544452613603
5.5125,2.499729645925526,2.5946859840661656,2.500600986448958,2.5448411509649294
5.522655,2.499737197585027,2.594216906301043,2.5006105672423256,2.5441346285504944
5.532534,2.4997283815268294,2.593758550668093,2.5006271263022137,2.5434328696778876
5.5426106,2.499760347911972,2.5932986077863656,2.500610285322692,2.5427218972787733
5.55309,2.4997843440818572,2.5928173896346083,2.500619239532987,2.5419975918475406
5.562626,2.4997664644948396,2.592305321418799,2.5006107425745725,2.5412409749229607
5.5722322,2.4997543458820446,2.5918056156348794,2.5006054158023923,2.540449939837028
5.582377,2.499747461104457,2.591306579037655,2.5006075983891387,2.539665614276186
5.592811,2.4997482585186868,2.590785678790023,2.500613924197953,2.5388664364107236
5.6040277,2.4997429366734343,2.590258435793766,2.5006149957271893,2.538068208682744
5.612681,2.499746172114155,2.5897093484164686,2.5006289783013957,2.5372539329358754
5.622668,2.4997262018447577,2.5891676829138572,2.500643978533808,2.5364259814356402
5.632545,2.499727672783138,2.588624648372476,2.5006473688805886,2.5355899646380484
5.6423163,2.4997285126506044,2.5880700119150295,2.500633313746957,2.5347505656471485
5.6526074,2.4997109470561036,2.5875152420439638,2.500638608542537,2.5339200823811128
5.6627316,2.4997053859052376,2.5869392091429364,2.500625160824895,2.5330609426796076
5.672376,2.499714816568973,2.5863624613077505,2.500613990229975,2.5322020722349574
5.682442,2.4997126666749128,2.585784472972746,2.5006113242890753,2.5313211093725356
5.692511,2.499714133126454,2.585209625257009,2.500619088659239,2.5304435639794036
5.702507,2.4997234975205296,2.584592432277531,2.5006406078885877,2.529548830147973
5.7122407,2.499721500425815,2.5839782873114605,2.5006553805687077,2.528651888870222
5.7224026,2.499711275484475,2.5833578767781904,2.5006670522779224,2.527733852425982
5.7326717,2.499717410214487,2.5827205408358327,2.5006640547028085,2.5268157910309332
5.74233,2.4997065106251015,2.5820791215404166,2.500658361809258,2.5259003645740377
5.7528677,2.4996910257408698,2.5814280780443766,2.500661860518749,2.5249808145423693
5.762412,2.499682834640463,2.580774725895736,2.5006612492704137,2.5240641947807054
5.772476,2.499695035150701,2.5801171345370753,2.5006729320125602,2.523138937367709
5.7825494,2.4997050005203905,2.5794486495560696,2.5006693741951156,2.5221985601433152
5.7926607,2.4997179466974133,2.578748587519876,2.5006501120961118,2.521257145739458
5.8022494,2.499707372105555,2.5780731804809687,2.5006211217669017,2.520312090235678
5.8123717,2.499709156387763,2.577398479349206,2.500604105046557,2.5193741714484212
5.823089,2.4997108234084,2.576707487646099,2.5006160754956537,2.5184150447438904
5.8326387,2.4997166144138516,2.576026876948624,2.5006188461104566,2.5174262555883127
5.8428783,2.4997061730413117,2.575330281984856,2.5006244362816235,2.516447967465958
5.852703,2.499692119872262,2.5746149093638024,2.500625321605869,2.515470803888501
5.862781,2.4996998398591463,2.573881443837131,2.500627971292693,2.5144922237130407
5.8724065,2.4996757136254675,2.573168083867975,2.5006256003177274,2.513524114612761
5.8824573,2.499665359989725,2.572437576106775,2.5006240126523824,2.5125470470163473
5.8925505,2.4996638259069055,2.5716957681304824,2.500626148198099,2.5115572936409056
5.903037,2.499655622970835,2.5709319063077194,2.5006292735618008,2.5105568501164175
5.912556,2.499646073272624,2.5701830643708115,2.500632943095813,2.5095713900776464
5.9222665,2.4996328180960297,2.569419443831457,2.500633649825063,2.5085771934726253
5.9325204,2.4996266476135425,2.5686502831132434,2.500628110818833,2.5075763213239943
5.9425926,2.49962001671217,2.56786142063034,2.500628802351231,2.506591797178431
5.9526653,2.499626524992226,2.5670821765453353,2.500625396382982,2.5055864027214216
5.962745,2.499628638599864,2.5663050279961475,2.5006113999446993,2.5046123851187287
5.97236,2.4996334705119487,2.565544511576238,2.500613650955753,2.503625035076938
5.982381,2.4996478579787,2.5647855317191506,2.5006334315106136,2.5026345956965534
5.9926257,2.4996402551870434,2.563994100737667,2.500634558350294,2.501645239056577
6.0025125,2.499625545582121,2.5631907230446394,2.500632991029785,2.500658357921662
6.0125146,2.4996071413799763,2.562355752324239,2.5006342789029845,2.499667537041701
6.0228667,2.4996166224671397,2.5615271723848294,2.5006442322264357,2.4986791493693907
6.032505,2.499617464980207,2.560725067426362,2.5006495918766936,2.4976881115972906
6.0427213,2.499615104215702,2.5599122028606534,2.500649207513568,2.49670041673299
6.0525866,2.4996182864336114,2.559088891735008,2.500655521491993,2.4957124561402244
6.062747,2.4996113829566564,2.5582486048449504,2.500641050518598,2.4947275378613982
6.072516,2.4996103641130847,2.5574070360210417,2.500636435891236,2.4937495412397577
6.0826206,2.499618620593609,2.5565546490138478,2.500639119683548,2.4927665204833103
6.092585,2.4996507984146095,2.555705793612925,2.500618378447285,2.491798332562408
6.102746,2.4996462571029174,2.554831328731652,2.500618889326689,2.4908055883903817
6.112445,2.4996419016459965,2.5539581640851208,2.5006278329753915,2.4898159439492717
6.1225863,2.499627774894529,2.553093893592002,2.500626437863669,2.4888294262920483
6.1327844,2.499625689078371,2.552212372287327,2.5006385335849735,2.4878556826443963
6.1424737,2.499622980556768,2.551343781288124,2.500635697039825,2.486855465614842
6.152916,2.4996169912451185,2.5504795858629006,2.5006246373630003,2.485884031831108
6.162431,2.499611635996789,2.5495857229452445,2.5006385921367134,2.4849272894191015
6.172656,2.499610203242689,2.548679415870013,2.5006438710531884,2.4839784054869316
6.1821923,2.4996082117348695,2.5477937129192645,2.5006546685783313,2.4830221621685964
6.192697,2.499605605139267,2.5469047143942385,2.5006401638949867,2.482049449478615
6.2023425,2.499610122510788,2.546011073497538,2.500631008314229,2.481101563200239
6.212428,2.4996118488676573,2.545104905026157,2.5006268011545436,2.4801515283854476
6.2225575,2.499606293316308,2.5441790262483592,2.500644904347463,2.479197976209609
6.2325983,2.4995922644670423,2.5432623764950533,2.5006571396546615,2.4782652036130277
6.2426844,2.4995710978089214,2.5423657633163916,2.500655603292439,2.4773365133498837
6.2526116,2.499572960799109,2.541458319755956,2.500650141142822,2.476409669231076
6.2626996,2.4995758668118935,2.5405148252265306,2.5006541962451454,2.4754835663891996
6.2722054,2.499582148902681,2.5395822485273447,2.500650738392038,2.4745841028208213
6.2823143,2.499598912838944,2.5386626205283203,2.5006516835161188,2.4736524376809483
6.292367,2.4996026372461713,2.5377372503375804,2.500672999365655,2.4727337966540204
6.3026586,2.4996006230404584,2.5367987951929645,2.500688664692495,2.471836408587038
6.3122253,2.499596641249644,2.5358832153596795,2.5006740452715754,2.4709579697791026
6.322337,2.4996110497263992,2.5349459803131773,2.500661490509959,2.470081500054047
6.332462,2.499613727848431,2.534002022857927,2.5006411878447254,2.469210072916276
6.342599,2.499612203211049,2.53305184173197,2.500641921920365,2.4683366158269013
6.3525834,2.4995971382462967,2.5320905165922936,2.5006479335061846,2.4674586873669644
6.362208,2.4995955294689463,2.531130742163517,2.500654885576696,2.466605147392199
6.3728137,2.4995947555019757,2.5301736935617867,2.500663184820549,2.4657519621568746
6.3823843,2.499597479000918,2.529212778888237,2.500646403936504,2.464917727444526
6.392313,2.499600469762142,2.528245963288925,2.500639985121938,2.464063031819524
6.4025836,2.4995899301888493,2.5272845475059613,2.500625450288786,2.463252803804621
6.4123893,2.499599237403171,2.526317045264195,2.50060243054045,2.4624297656937624
6.422623,2.499604848505788,2.525333341187019,2.5005923273796204,2.46163275105806
6.4321904,2.4996150419769525,2.524346813031941,2.500576077783282,2.460820722175435
6.4424553,2.499631416375818,2.523364003248056,2.500561494097875,2.4600494419276377
6.452273,2.499638564832623,2.522369910113244,2.500563841973342,2.4592962022785825
6.462454,2.4996321233437486,2.5213926218028635,2.500588208055918,2.4585353522386457
6.472509,2.49963212871491,2.5203914774974696,2.5005934130189673,2.457781822900617
6.4827113,2.499636856421705,2.519411162126333,2.5005852806108835,2.457040686768892
6.4927154,2.499644738033958,2.518435852479775,2.5005980996836574,2.4563169705567818
6.5023513,2.4996426745030362,2.517439316530594,2.500584775238201,2.455577259826483
6.512638,2.499630858050503,2.516444141008215,2.500596529982291,2.4548658119294395
6.522677,2.499626843357189,2.5154637170969214,2.500600108728705,2.454160955005101
6.5322886,2.499630261852946,2.514473153090741,2.500583222087737,2.4534867612988034
6.542362,2.4996369933640676,2.5134904370729165,2.500573728841054,2.452821281548007
6.552499,2.499638660907758,2.5125130035458603,2.5005782518631796,2.452169878712175
6.562641,2.4996522998254522,2.5115229191052513,2.500581299708077,2.4515162088914666
6.572695,2.499642431323901,2.51052325013627,2.5005798757854842,2.450887561854634
6.5822196,2.499646905701281,2.509507626907973,2.5005892255976816,2.4502679176837545
6.592645,2.4996495476948466,2.508523079559209,2.500586275360928,2.4496536463824254
6.6026993,2.499630647924836,2.5075230981579733,2.500575599028135,2.4490719251184196
6.6122856,2.4996252395630907,2.5065285844132337,2.5005765364390085,2.448508043598943
6.6231217,2.499606493378823,2.5055230096545738,2.500599993570775,2.447949499746108
6.632645,2.499601414640414,2.5045244381338994,2.500604296949363,2.447396318666404
6.6425166,2.49960542236682,2.5035261277698755,2.500598063531145,2.446846164316957
6.652847,2.499609665438852,2.5025400184719824,2.500614723803533,2.446288780341903
6.662354,2.49959457379908,2.501536798433646,2.500603543000446,2.4457485697430967
6.6725836,2.4995938617105438,2.500531797643559,2.500579094342297,2.445245884070281
6.682253,2.499611388062589,2.499518297251169,2.5005678543787955,2.4447609350749855
6.692406,2.4996031858472554,2.498521557618275,2.50056386849269,2.44426747129816
6.7025833,2.4996137414465878,2.4975136893401833,2.500560414852771,2.443808618829476
6.712665,2.499632379567179,2.4964949390938433,2.5005708178670787,2.4433600744636603
6.722321,2.4996198974804704,2.495503038840621,2.5005654483031963,2.442906333478173
6.7324605,2.499616340525578,2.4945013407094647,2.500564723295185,2.442478122769298
6.7424498,2.499609088732343,2.4935214487996515,2.5005530674315617,2.4420593465717135
6.7523236,2.4996098566573486,2.4925340287650166,2.5005673922846365,2.441641215794028
6.7623916,2.4995850841798717,2.4915504698149333,2.5005720650908914,2.4412528228785386
6.772595,2.4995730524424116,2.490556681450335,2.5005856922096035,2.4408845635407017
6.7825346,2.4995554829316773,2.4895438118251807,2.500568437989432,2.440529517080138
6.7924995,2.499534845628469,2.4885534757088674,2.5005960230619415,2.440204441037001
6.803013,2.4995424769397356,2.4875571724046406,2.50059301830987,2.439881144278418
6.812513,2.4995524233902926,2.486556624264039,2.5005943224608105,2.4395879462990497
6.822494,2.499563292188106,2.485552978622222,2.5005841295299396,2.4393226502924064
6.8325615,2.49956458945421,2.4845599305851382,2.500578506985772,2.439047801709189
6.842763,2.499572259803525,2.4835693669849865,2.500564680352307,2.4388012602884457
6.852594,2.499573131932072,2.482577835895864,2.5005469490172967,2.4385698094373396
6.8623343,2.499562388130097,2.481576897929581,2.5005546749696212,2.4383240532645507
6.8725805,2.499561878738859,2.4806084306422385,2.50053491871994,2.43809974620704
6.8824887,2.4995690136831983,2.479632407379802,2.5005286970217386,2.437901302106741
6.892472,2.4995762126733068,2.478657278391516,2.5005274889825255,2.437717867915873
6.902437,2.4995928034149197,2.4776694038215687,2.5005105585420266,2.437554829110091
6.912614,2.4996018649653404,2.476672529475099,2.500508900359997,2.437392498041167
6.922733,2.499594606998252,2.475686956212314,2.500505216009452,2.437272622107696
6.9323783,2.499119966914659,2.4751767169019288,2.5001696565945166,2.437139058457533
6.942415,2.498661128172792,2.47466825876361,2.49983767671394,2.437025740532778
6.9529505,2.498192622308205,2.474156541786352,2.499503876208189,2.4369220785221577
6.962806,2.4977140282871773,2.473644331180063,2.499191022551535,2.4368103282119637
6.972814,2.4972418597102055,2.4731365946514243,2.498874237093001,2.4367082804731375
6.9826875,2.4967648443809334,2.4726205781434767,2.4985606197587558,2.436614167284341
6.992347,2.496297444517042,2.472121749787462,2.498238541810377,2.436530551964923
7.0029473,2.4958110576940635,2.471619221318111,2.4979311136538405,2.4364552054115025
7.01235,2.495325138519301,2.4711135952384766,2.4976267782059374,2.4363861247003022
7.0223093,2.4948426430128623,2.47060780384287,2.4973378457091493,2.436333981846852
7.032491,2.494354248107856,2.470098590089859,2.4970530607495784,2.4362740115380594
7.042431,2.493860775117954,2.4695963534763536,2.4967640289930753,2.436225960147014
7.052428,2.493366130487355,2.469088081387524,2.496480362743508,2.436201703304347
7.062715,2.4928709679129195,2.468591890236798,2.49621319743215,2.4361780456437803
7.0729265,2.492376196481265,2.4681091595792175,2.495941607799457,2.436155559983368
7.08241,2.491888077670579,2.467610652567109,2.4956739875576255,2.43613601467507
7.092563,2.4913832448186444,2.4671267966455006,2.4954031901937452,2.436129945647403
7.1026487,2.4908839761529338,2.4666293409461564,2.4951335141692397,2.4361250040002833
7.112585,2.4903784035931085,2.4661267564798073,2.4948891760005654,2.4361249093510975
7.122868,2.489860474471896,2.4656196696085666,2.4946471890165745,2.4361475359042473
7.132595,2.4893602094542566,2.465119380880198,2.494413973948597,2.43617310340087
7.142807,2.4888430790689884,2.4646172375679147,2.494169858370523,2.436209775882639
7.1528125,2.4883323840335865,2.46411628443558,2.4939358694070246,2.4362448733248994
7.162473,2.4878171817050596,2.463617302012164,2.4937182737303036,2.4362881706176354
7.1727734,2.487305958265264,2.4631284546480217,2.4935047289911774,2.4363489556141293
7.1825714,2.4867877611694094,2.4626369490311366,2.493293367549341,2.436418985015198
7.1927977,2.4862743902042608,2.462138755197096,2.4930805131351383,2.436497041006683
7.2023497,2.4857673294105007,2.4616418427180853,2.49287819780332,2.4365737295770833
7.2125587,2.4852505746854496,2.4611622297030116,2.4926682674040537,2.4366532896456015
7.222602,2.484732455461075,2.4606708999529894,2.4924621065788832,2.4367618186235425
7.232724,2.484219829448598,2.460182485597151,2.4922530320341747,2.4368806379194354
7.2424116,2.4836909202543294,2.4596950069409815,2.4920662635170916,2.4370007513095433
7.252823,2.483165211283222,2.459203298950984,2.491891365086633,2.4371288615959696
7.2623844,2.4826267349026843,2.458722705759403,2.491723149188202,2.437251313464589
7.272823,2.4821011282940177,2.4582320102837882,2.4915536949057464,2.437397510617919
7.282572,2.481566640827303,2.457753474746513,2.4913796208868666,2.437556271170471
7.2925134,2.4810439658199686,2.4572755571681126,2.4912127001376922,2.4377128000268753
7.3029594,2.480521620246887,2.4567996190233212,2.491054673149582,2.4378637432764934
7.312623,2.4799895959838842,2.4563213373783395,2.4909157987041284,2.4380246014690132
7.3222556,2.479441783802439,2.455836403384863,2.4907831641101033,2.4381971510323623
7.3327613,2.4788947584538623,2.455370113098311,2.4906572141021637,2.438362762019242
7.342673,2.4783527189812857,2.4548963784668674,2.490547772392462,2.4385610450546715
7.3525634,2.477791277736987,2.4544325517906187,2.4904324649563963,2.4387622662356727
7.362449,2.4772467046959377,2.4539681545707883,2.4903286698096756,2.438982946324182
7.3723173,2.4767103008507982,2.4535016761020625,2.490208167930501,2.439197056448603
7.382643,2.476167795639717,2.453044997192016,2.4901061717056847,2.439412256685125
7.392722,2.475620849491843,2.452580577982629,2.490021434822467,2.4396425946908926
7.4025574,2.475067911480716,2.452119036766823,2.489933178950533,2.4398913231685997
7.412382,2.474523497518115,2.4516552922957255,2.4898535037838334,2.440126518697426
7.422568,2.473967229789823,2.4512045114451007,2.489779333828429,2.440377352111409
7.432443,2.4734255947752635,2.450756665994836,2.4897134879750036,2.4406315596464925
7.442847,2.4728602937776647,2.4503210486475937,2.489659036413554,2.440899420213955
7.452757,2.4723141619548232,2.4498688687990295,2.489608218749418,2.441179864699503
7.4627943,2.4717621409803177,2.449404469834715,2.489571081699349,2.441464576812309
7.472564,2.4711977175557402,2.4489510486726718,2.4895272660218066,2.4417487726967946
7.4824553,2.470637304787067,2.448526856290664,2.4894935916042966,2.4420514772862716
7.4923415,2.47007896607712,2.4480955766168777,2.4894683494319048,2.442355272643572
7.5029874,2.469523310749551,2.4476706914633986,2.4894627387690966,2.4426654114007813
7.5125484,2.468959645883497,2.4472339248163775,2.4894361492496055,2.4429867443899798
7.522746,2.46839882661671,2.446797447046044,2.489424300329011,2.4433136802673827
7.5325584,2.4678303571583236,2.4463584988149507,2.489428248854518,2.4436416369616256
7.542807,2.4672738536919323,2.4459276516339536,2.4894319389369324,2.443978271953139
7.5528545,2.466711460007471,2.4454983574456066,2.4894530511204107,2.444322830223501
7.5622954,2.466148611670566,2.4450873845928487,2.489480180928601,2.444671256460016
7.5726743,2.4655866546922405,2.4446716423622075,2.489515339706284,2.4450248636262093
7.5828533,2.4650227362525436,2.44424607181937,2.489536260150553,2.4453869835029782
7.5926657,2.464452182316174,2.443843583068988,2.4895893822876825,2.445774534958398
7.602728,2.463883091462977,2.4434472750523026,2.489644353654693,2.4461388397612747
7.612518,2.4633035175418976,2.443052915488761,2.4897079283098593,2.4465245250034227
7.6226053,2.4627247016631677,2.4426401471071952,2.489777666101598,2.4468983196978065
7.632679,2.4621433341135854,2.442239287107541,2.489854465061658,2.447287627505993
7.642439,2.461575752149372,2.441838931197174,2.489932320796644,2.4476828629578535
7.6533356,2.4610119437713,2.4414424201383853,2.490015248061842,2.4480812417836297
7.66227,2.460435775393028,2.4410496355328175,2.4900928917794065,2.448493768230442
7.6725526,2.4598520762581795,2.4406734842478373,2.4901820283094063,2.4488956617391193
7.682634,2.4592742619781607,2.4402739642841413,2.4902819800173766,2.4492968242849837
7.692726,2.4586966961934817,2.4398970176224086,2.4903867325985836,2.4497237376317957
7.7028365,2.458109159403522,2.4395096003213514,2.4905093435288608,2.4501475236519568
7.7125187,2.4575192334950215,2.43914260826967,2.4906288144583764,2.4505879665332686
7.722643,2.4569373897143096,2.438779825917878,2.490769696051275,2.451028436641401
7.7323146,2.456348626398865,2.4384069465269698,2.490924748068772,2.4514754205063465
7.742602,2.455757412308579,2.438054121718008,2.491076398513988,2.4519126566744935
7.7531147,2.4551671211100357,2.4376958369308444,2.4912285116782122,2.4523626407441723
7.7626247,2.454566895930333,2.437339976047739,2.4913843306298635,2.4528037306409614
7.7724233,2.4539766062169557,2.436999225187447,2.4915489281301344,2.4532605153736373
7.7822886,2.45339396355124,2.4366325221750644,2.4917151455834903,2.453719206132272
7.792385,2.4528088947615574,2.4362937937534377,2.4918957894316867,2.4541735938299487
7.802553,2.4522071097344096,2.4359544996490934,2.492090199369501,2.4546357839655704
7.8126616,2.451624552512039,2.4356248271882506,2.492289801101877,2.4550927725141336
7.822558,2.4510434497773033,2.435306649282183,2.492498295856086,2.4555540393391104
7.8325763,2.450452671216544,2.434982529492024,2.4927083271758272,2.45604059048297
7.842685,2.449853151233082,2.4346678607472025,2.492914573886448,2.456536260133173
7.8527455,2.449264897178297,2.4343562421899443,2.4931395001939185,2.4570387944961842
7.8625755,2.448665496901086,2.4340486464940634,2.493378041255078,2.457519470308579
7.8726406,2.4480602605964923,2.4337397219687635,2.493608582492275,2.4580145106279745
7.882699,2.4474579887374874,2.4334266640665394,2.4938464628234223,2.4585104541013423
7.8927636,2.4468500052940523,2.433125429788738,2.4940976406048994,2.4590105684308132
7.9027057,2.4462459162507675,2.432838335362826,2.494339772922466,2.4595101118164537
7.912716,2.4456442244741416,2.4325421845466373,2.4945854787543325,2.4600047092652906
7.922521,2.4450525522716693,2.4322438632057355,2.4948412846374586,2.460498826082407
7.932726,2.444464868682073,2.4319576243043586,2.495107968912525,2.46100050853727
7.942595,2.4438610589053056,2.4316811596219483,2.495390571379245,2.4614999410640177
7.9528537,2.4432685644632977,2.431397372690196,2.4956806182339406,2.462013759708949
7.9625134,2.4426777929205166,2.4311161034527737,2.4959662093208017,2.46252975504924
7.972552,2.442084223405127,2.4308316769420695,2.4962688429552506,2.4630564439043847
7.982735,2.441493908357195,2.4305728313665718,2.4965772702235642,2.4635748893348106
7.99256,2.4408874318003217,2.4303024162586544,2.4968898912385504,2.464101245385275
8.00241,2.440306631548242,2.430046675597182,2.497212374932399,2.4646150738754744
8.012501,2.439716992963163,2.4297976086776982,2.4975348822989427,2.465138147544939
8.022767,2.4391177892271827,2.4295504316007457,2.497881679716199,2.4656661741377883
8.032638,2.438526478371579,2.4293212949171603,2.4982233747907014,2.4661895749412035
8.042574,2.437937366836162,2.4290860232610183,2.4985660963565337,2.466718107501712
8.052597,2.4373210569555135,2.4288448748186173,2.4989215483172216,2.4672353650477827
8.062733,2.43672167674732,2.428611794955831,2.4992990579401924,2.4677544008652506
8.072574,2.4361168872492733,2.428382551737129,2.4996648705451436,2.468281014058161
8.082409,2.4355153893639034,2.4281699464958324,2.50004776794973,2.4688023874619005
8.092263,2.434909946653615,2.4279463507857306,2.500431853727129,2.4693329028653377
8.102648,2.4343096977574303,2.4277162297505774,2.5008183145244742,2.469857260715146
8.112651,2.4337054802584803,2.4274974067795325,2.501197857759155,2.4703927001613875
8.122687,2.4330956088241624,2.4272923002614175,2.5015849150108185,2.470920070539532
8.132728,2.4324711925153366,2.42710954033459,2.5019838861707453,2.4714517215323926
8.142526,2.431875561209472,2.4269263817720357,2.5023921636538717,2.471985050469564
8.152898,2.431279692328413,2.4267463640466196,2.5028082286782998,2.4725204434912125
8.162603,2.430665787710142,2.426573159200949,2.5032149826831676,2.4730477036658525
8.17276,2.430058547561911,2.426403265978577,2.503640683094865,2.4735881045234014
8.182492,2.4294496636255656,2.4262420619952083,2.504064213399055,2.474103461938911
8.192269,2.428850658163753,2.4260704363848418,2.5044877186540844,2.4746174711917273
8.202494,2.4282516956589038,2.425890562075901,2.5049305165742752,2.475138192409762
8.212443,2.427667702537437,2.425728072563731,2.5053793718553488,2.4756499263554987
8.222525,2.4270842160028003,2.4255640685847935,2.5058256200194062,2.4761675865090136
8.23276,2.4264867929698353,2.4254201116561047,2.5062659302727592,2.4766897988042285
8.242443,2.425900620745543,2.425294107863998,2.5067070195112464,2.4772045009952497
8.253015,2.425305931691879,2.425171741739426,2.5071723215894437,2.477733072762449
8.262783,2.424706448822797,2.425030979455171,2.507651534549573,2.478247667981837
8.272764,2.4241061149256313,2.424899958213542,2.5081314670732016,2.47875799410339
8.282449,2.423498099963124,2.424775044451252,2.508608454737159,2.4792649991611646
8.29269,2.4228885999665364,2.4246527433608143,2.509103287172399,2.4797779638561157
8.302461,2.422300095949367,2.424529060162794,2.5095981906566993,2.4802920659541647
8.31246,2.4216867550477916,2.424407313983002,2.510084654044228,2.480783915937854
8.3226,2.421078112152813,2.424299371194524,2.51059130827906,2.4812763650819267
8.332523,2.420475616331385,2.4241874481766286,2.511098145683096,2.4817581897720467
8.342634,2.419871767031018,2.424098646682124,2.5116233641870194,2.4822492488317964
8.352643,2.4192721037733125,2.4240143156135896,2.512140229689605,2.4827451461797767
8.362834,2.4186727969810113,2.4239299677940567,2.5126681271610254,2.483224452395603
8.37237,2.4180711283832834,2.423834421614653,2.5131987844296466,2.4836988582122386
8.382345,2.4174828870682874,2.4237533858542553,2.5137536948985097,2.4841688813774314
8.392443,2.4168781490236686,2.423689962423852,2.51430006015712,2.4846467104543075
8.40242,2.4162738902620307,2.4236230598518382,2.5148404498299897,2.485117487293457
8.412509,2.415671384066304,2.4235647960412665,2.5153950438942316,2.4855758142176985
8.422676,2.4150802852531905,2.4235128515593902,2.5159485927093934,2.4860317092628588
8.432707,2.4144774821758954,2.4234611397566543,2.516512399962571,2.4864756268209596
8.442314,2.413888713511127,2.42342129025663,2.5170741345854997,2.486922157043663
8.452779,2.413295576649986,2.423397791350133,2.5176353016612163,2.4873621554894902
8.462254,2.4126885886782996,2.423371839015824,2.5181951228589705,2.487795836891332
8.472866,2.412096386724038,2.4233549615063925,2.5187723140205494,2.488219448860725
8.4824095,2.4115074302225348,2.4233438537292344,2.5193559452702243,2.4886387415131006
8.492508,2.410927546630401,2.423350732028373,2.5199287623826185,2.489071085637957
8.502899,2.4103315885562444,2.423357626307456,2.520501171514851,2.4894952089739197
8.512482,2.409737694403074,2.42336357967742,2.5210867804491515,2.4899136216347952
8.522303,2.409156386193521,2.423377776682166,2.5216822644184362,2.4903336537125127
8.532352,2.4085775315888402,2.4234133332693295,2.522278875763779,2.4907080499825383
8.542649,2.4080022425663423,2.4234323268173026,2.5228949306051014,2.491100359270879
8.552478,2.4074099564800115,2.423472052479078,2.523513462908107,2.4914859805240193
8.562465,2.4068474921540046,2.4235128716738874,2.524137553375931,2.491875888774034
8.57259,2.4062662931678815,2.423543686506049,2.524747267262262,2.4922415345136155
8.582587,2.4056832712388307,2.423599948334591,2.5253726386895785,2.492589492961064
8.592496,2.4051019971685714,2.4236458561132146,2.5259773600441604,2.4929519605509918
8.602662,2.4045033498634365,2.4236927623988462,2.526586092725238,2.4932894434109247
8.612394,2.4039148997662365,2.4237462889818313,2.5271975786916827,2.493620290857438
8.622608,2.403344135727356,2.4237872879590947,2.5278341865525347,2.4939561587632517
8.632533,2.4027658758029635,2.4238564564965435,2.528454225262144,2.4943016802814526
8.642322,2.4022078797540485,2.423915263030539,2.5290870032968993,2.494636663686578
8.652594,2.4016405664866967,2.423991303817682,2.529735825482928,2.494960526636777
8.662897,2.4010653423463233,2.4240845667081543,2.530367495656669,2.4952773978326044
8.672407,2.400506601510299,2.4241696760698535,2.5310079897154396,2.4955786895871257
8.682496,2.3999336492585743,2.4242852285836607,2.5316524717272904,2.4958839398384343
8.692871,2.3993741997218017,2.4244008886794566,2.5322784968419403,2.496173132667169
8.702783,2.3988126785699357,2.4245265676772645,2.532920327413233,2.496445668303918
8.712548,2.3982701241005087,2.42463789650801,2.5335738640229244,2.496717263035478
8.722437,2.397726994196313,2.42477444926933,2.534204751227876,2.4969933279637315
8.732536,2.397164671146335,2.424908284776755,2.534857710685351,2.497247054442742
8.742531,2.396594537914072,2.4250437222814205,2.535521976469549,2.497498026346708
8.75279,2.396018942443631,2.425164850634401,2.5361791746195794,2.4977392010485904
8.762424,2.395450876409594,2.425288445249115,2.536849219992601,2.497968288746707
8.772707,2.3948862537764635,2.4254409935417782,2.537519078252842,2.4981948973930064
8.782539,2.394316865197922,2.4255973707107676,2.538179342975353,2.498408169912298
8.792603,2.3937573756488213,2.4257480643033387,2.538837015271287,2.498623326995245
8.80253,2.3931912988385062,2.4259213268620674,2.5395169003249003,2.498812465342683
8.812451,2.392631944694689,2.426094641440707,2.540183175241438,2.49901827335586
8.82256,2.3920696773799337,2.4262648454391678,2.540839485214983,2.4992129139641572
8.832561,2.3915170247896795,2.426451527903203,2.5414979358525303,2.4993817744760767
8.842577,2.390962247727634,2.4266364220841945,2.5421664480186528,2.4995378547279183
8.85255,2.39041440759592,2.426847875286914,2.5428338615712054,2.4996843101660846
8.862494,2.3898736127661238,2.427057968148933,2.543503659387837,2.499825730962083
8.872546,2.389320325364045,2.4272738087375,2.5441813103661186,2.4999614367068066
8.88266,2.3887797858033846,2.4275033975011384,2.5448594990191973,2.5001035647100007
8.892531,2.3882221448296286,2.4277264756173174,2.5455422787292834,2.5002159452014014
8.902608,2.3876737685269047,2.4279307514272865,2.5462198624217107,2.500335924785451
8.912851,2.387126802256107,2.4281466385746664,2.546910255621446,2.5004413669019114
8.922543,2.386588448330748,2.428380248357081,2.547568235972043,2.500534868355658
8.932491,2.3860489976146604,2.4286023825515355,2.548217284690317,2.500611328899832
8.942869,2.3855054817368133,2.4288347205052294,2.5488866069664207,2.5006935757364586
8.9528475,2.3849771893503617,2.4290902816258786,2.549553313748502,2.5007540091572205
8.962554,2.384456255224311,2.4293349727296034,2.55022557543802,2.5007956880227913
8.972596,2.383921453786442,2.4295994061912305,2.550875702118196,2.5008417461714054
8.982327,2.383373382001537,2.4298727518383925,2.551554285353918,2.500862120659261
8.992753,2.382844362025156,2.4301427703674485,2.5522318808329256,2.500871467236257
9.002278,2.3823116049347233,2.4304163836724775,2.5529168242048765,2.5008773971431038
9.012434,2.381787574672912,2.4306743295078057,2.5536020198245155,2.50087989088956
9.022728,2.3812831777187244,2.430930673990393,2.5542747490446085,2.500872893860124
9.032339,2.3807657329916636,2.4312108669021186,2.5549425857368897,2.5008475871344436
9.042453,2.3802524089350796,2.431503027672326,2.555611841988892,2.5008186097824
9.052893,2.3797545101066206,2.4318092004580656,2.5562777598674242,2.500780288485494
9.062916,2.3792615116584734,2.4321198752633744,2.5569421780255963,2.5007371907643794
9.072756,2.378771574268426,2.432445965762733,2.5576143582951785,2.500674399072424
9.082378,2.378270200439921,2.432778812121592,2.5582652790830136,2.5006173516349306
9.092809,2.377777945051609,2.4331120501024164,2.558922802446604,2.5005752706560984
9.1029005,2.3772856091073344,2.4334396857894145,2.559580016326392,2.500492262454744
9.112582,2.376791198900417,2.4337644548660076,2.5602412011208298,2.500407247990983
9.122886,2.3762872318294397,2.434110383265147,2.5608856364044175,2.500290704700692
9.132774,2.3757973395943353,2.4344498626955438,2.561527991208682,2.500173508307547
9.142535,2.3753122902264145,2.43481789379644,2.5621705900603375,2.5000379378084987
9.152417,2.3748250064343965,2.435186722566261,2.5628082532284844,2.499902340502297
9.162373,2.37433211752259,2.435543046406554,2.5634430608167147,2.499751449235681
9.17271,2.3738438543582214,2.4359249426194505,2.5640867249510846,2.49958977643974
9.182373,2.3733666810636977,2.436297978281856,2.5647181431351216,2.4994299179300374
9.1925335,2.372884895754555,2.4366810839325255,2.565353359517565,2.4992624146351643
9.202682,2.372412388239896,2.4370715632113953,2.565988295340389,2.499085110711218
9.212814,2.3719165672753024,2.4374677752062266,2.566635569333062,2.4988929390404326
9.222463,2.3714416560398592,2.4378595908388805,2.567270518322039,2.498682216280664
9.232261,2.3709747685123097,2.438249695839923,2.567893638858644,2.4984690204860818
9.242663,2.370516153344699,2.4386411408946196,2.5685070695131684,2.4982365231631785
9.252492,2.3700547879854823,2.439054781350938,2.5691337298135273,2.4980025814189237
9.262606,2.3695825460849633,2.4394567343338673,2.5697558505481366,2.4977596829471946
9.272366,2.3691196777916605,2.4398790147504688,2.5703824020943924,2.4975000403495176
9.282533,2.368663028278297,2.4403042091195757,2.5709929318587794,2.497232986384264
9.292576,2.3682063717286748,2.4407247745038765,2.571612015635356,2.4969556836488436
9.302805,2.367754640860931,2.4411467099749493,2.572227910306741,2.496664665707854
9.312564,2.3673086372660763,2.441585486040122,2.572839465993735,2.4963535746860677
9.322803,2.366865092374469,2.442035969998055,2.573441299109708,2.496039331767838
9.332637,2.3664351037411007,2.44249088149217,2.57401932293146,2.495715523242173
9.342763,2.3659984489896315,2.442952881978837,2.574593824913464,2.4953730653767936
9.35304,2.3655374742106408,2.4434159748712148,2.575161247085717,2.4950246772821125
9.362371,2.3651191662382947,2.443875084318863,2.5757355843830885,2.494669714960013
9.372764,2.364686870295684,2.4443624397376427,2.5763227692756314,2.494318120697399
9.382762,2.3642265711021717,2.4448334886079435,2.5769055672214827,2.4939751546648656
9.392525,2.3637801182797515,2.4453171764196053,2.5774780502203805,2.493601292249196
9.402879,2.3633483545825635,2.4458059160830405,2.5780507270594795,2.4932077274547058
9.4127655,2.3629214834455543,2.446296956279802,2.5786303831330226,2.49281134259746
9.422797,2.36249190283715,2.446789778071547,2.579176098634047,2.4924063601146607
9.432411,2.36208333204892,2.4472852040727022,2.5797129123740303,2.492000000066684
9.442283,2.3616734672957054,2.447790018163828,2.580256709585662,2.4915709320993793
9.452606,2.361262932973259,2.4483031561244544,2.5807920402341975,2.4911221325457156
9.462268,2.360842383414007,2.448819213307485,2.581342954932766,2.4906686803669356
9.472494,2.360418892581125,2.4493385882275978,2.581878472362609,2.4902094322669073
9.482581,2.359985228635095,2.449861129325486,2.582419996861771,2.4897581410912246
9.492569,2.3595672219541894,2.450370685929124,2.582935603083121,2.4892719146234783
9.50242,2.3591602925094843,2.4508988815386963,2.583445355200167,2.4887797607943845
9.512619,2.3587662186849614,2.4514264540440758,2.5839568982699848,2.488287066828469
9.522785,2.358369370744739,2.451957630267554,2.584462259416966,2.4877774855725665
9.532583,2.357964625375889,2.4525033537173995,2.584974293001059,2.4872767163219387
9.542356,2.357571113162475,2.4530526707977494,2.5854663358823515,2.486766175892853
9.552426,2.35716233289263,2.45361730830046,2.5859422253541777,2.486235510171025
9.562295,2.3567732763087377,2.45417324701163,2.5864111883313816,2.4856924843937636
9.572542,2.3563813527700783,2.4547196989695217,2.586894001731996,2.485129506007169
9.582548,2.3560049062328017,2.455290804004352,2.5873539541999206,2.4845688252263263
9.592715,2.3556473670251545,2.4558437694271698,2.587808241203707,2.4840069884121445
9.602572,2.3552753559988284,2.4564243476952865,2.588264085283969,2.4834466141746114
9.612322,2.354912636554944,2.4569923799903046,2.5887093008354993,2.482884313165064
9.622608,2.3545503200948854,2.4575859288656945,2.5891543957434573,2.482299901508295
9.632886,2.3541983533439113,2.458185537367367,2.5895743486999723,2.4816918685271214
9.642513,2.353865778344868,2.4587680966037424,2.589994293320434,2.4810867633915437
9.652545,2.3535158569744263,2.459361100196056,2.590450104034584,2.4804633387734563
9.662699,2.3531614276369197,2.4599483775432924,2.5908583525570887,2.4798547007635814
9.672563,2.3528101313310756,2.46053776667832,2.5912623852753693,2.4792251588042493
9.682624,2.3524732879499224,2.461142542269317,2.591666883477827,2.4786030807748296
9.69238,2.352137507388893,2.4617519932447527,2.5920642629653905,2.47797317496622
9.702595,2.3518080438398448,2.462352199663594,2.59245481576682,2.477325934754363
9.71277,2.3514650950245164,2.4629596472488067,2.592836217137818,2.476682539885043
9.7230215,2.3511298570061827,2.463562389967062,2.5932123511871334,2.476014569870571
9.732562,2.3508137779865126,2.464171271282903,2.5935856147597685,2.4753483535177896
9.742699,2.350491042900969,2.4647873475482167,2.5939495186363044,2.4746793300171994
9.752805,2.3501742250605546,2.465413902753499,2.5942806518711166,2.4739934951905393
9.762305,2.3498530429903868,2.466035018657617,2.5946146827834196,2.4733087185111393
9.772839,2.3495543605885714,2.4666836516110453,2.5949530954297146,2.4726195232786563
9.782378,2.3492417552498552,2.4673224790767225,2.5952799210867634,2.471915210879429
9.792621,2.348911191991407,2.4679743655181006,2.5956009880048847,2.4711966253669595
9.802341,2.348596839436691,2.4685972549889628,2.595917584439037,2.4704708569484612
9.812592,2.348297669041931,2.4692330605432593,2.5962284519535523,2.469784169377833
9.822667,2.3480217481472643,2.4699088939254046,2.596519420882353,2.4690698936842903
9.832951,2.3477470809175136,2.470590126352076,2.5968010164533015,2.4683582954789234
9.842526,2.347436207048548,2.4712390464487575,2.597084043733791,2.4676302416483087
9.852864,2.347150701142562,2.4718956399266534,2.5973558003904653,2.466884929984416
9.862676,2.3468804054233283,2.472552374623422,2.5976357827092027,2.4661289819931924
9.872497,2.3466126184888387,2.4732106998457284,2.5978979889648275,2.465403143875516
9.882665,2.3463505454100444,2.4738751890138966,2.598144899628652,2.4646609652786893
9.892653,2.346077472251725,2.474533979326291,2.59839380378528,2.4639437325223787
9.9022255,2.3458114555825316,2.4751873957640766,2.598632219431394,2.4631996813399795
9.912753,2.3455456238628343,2.4758410779760713,2.5988687555114653,2.4624345894705026
9.922421,2.345279801389108,2.476506041030372,2.5990933422101796,2.4616493252580143
9.932865,2.345006860502043,2.4771830918734516,2.5993012223328225,2.46088344117679
9.942574,2.344739646175845,2.4778715706053216,2.5995046983416223,2.460116959662566
9.952538,2.344492498958395,2.478576957466422,2.5996976844913915,2.4593452391770922
9.962555,2.344233483153852,2.479262518996584,2.599868779385367,2.4585412492080683
9.97323,2.34398460961816,2.47994486758102,2.600041726442458,2.45775798015238
9.98255,2.3437562328701147,2.480632648077136,2.6002044346847004,2.4569883639028025
9.992748,2.3435453284995797,2.481342273522577,2.6003640286658922,2.456201192100664
10.002668,2.343312314884143,2.4820464048063355,2.600526892138393,2.4554066702219464
10.012322,2.3430822619020106,2.482760425292019,2.6006814405406895,2.4546223849746043
10.022726,2.3428519310998093,2.483459866261082,2.6008121074289434,2.4538307383793456
10.032601,2.342634567697767,2.4841638062885547,2.600934878687683,2.453042477654891
10.042649,2.3424237205733744,2.4848568285107273,2.601034973980892,2.452236991392598
10.052645,2.342209186916082,2.4855687384271414,2.6011149105385534,2.4514420707430764
10.06277,2.3420031699599066,2.486302305592792,2.60120460992186,2.450648816992637
10.072494,2.3417992393049802,2.487014657029743,2.6012895319126965,2.4498448336499195
10.082478,2.341614408240024,2.4877195706410125,2.6013800680793535,2.449023711038595
10.092517,2.3414278063036584,2.4884493325597767,2.6014404715017023,2.4482225349133344
10.102842,2.3412530599714856,2.4891612371403546,2.601492231978864,2.4474248309715425
10.112585,2.3410650399227464,2.489875136798491,2.6015372976008266,2.4466328785849347
10.122616,2.3408863643978064,2.4905806036734273,2.60158295943635,2.4458435410872448
10.132599,2.340736974728008,2.4913061757091004,2.6016152381755173,2.445043195384501
10.143,2.340560017086179,2.4920299503915273,2.6016451125127693,2.4442441013014014
10.152367,2.340400166481489,2.492760311953765,2.601653780377624,2.4434534051078893
10.162671,2.3402322307573833,2.4934664161244275,2.601654725454571,2.44265462716614
10.172509,2.3400664437748286,2.4941756572540763,2.601646027055462,2.4418472587697875
10.182856,2.3399041107786536,2.494882053547977,2.6016446477973894,2.4410466321839106
10.192473,2.3397443729888967,2.4956085307876945,2.6016229074631214,2.4402484046481034
10.202839,2.3395974220358244,2.4963288967201303,2.6016021534494054,2.4394381524870994
10.213005,2.3394462344253317,2.497062913929669,2.60157162522618,2.4386237002840363
10.223227,2.3393012207566755,2.497788489841641,2.6015108059155123,2.4378131798211315
10.232429,2.3391794564450787,2.4985311906233334,2.601428026904597,2.4370257703832117
10.242485,2.3390621990882776,2.4992294179359185,2.601377491604173,2.4362524524325377
10.252693,2.3389326581579692,2.4999495976175745,2.6013057006525733,2.4354398657330156
10.2623415,2.3388029673787694,2.500682069697119,2.6012242126409126,2.434643152568973
10.272536,2.3386832042719883,2.5014180498145873,2.601109207781348,2.433873133275354
10.28268,2.3385608908992124,2.5021583894358144,2.6009911530097103,2.4330781488520743
10.292846,2.3384512473727557,2.5028771006717956,2.6008660599294777,2.432272402869207
10.302516,2.3383484625230757,2.503597642666519,2.600753323547022,2.431509023866185
10.312839,2.3382542176710266,2.5043083306931972,2.6006223306186316,2.43072973221478
10.322741,2.3381473248528897,2.505039624907589,2.6004803087825112,2.429964669777051
10.332774,2.3380385166565345,2.50576899865872,2.600332331992856,2.4291812702436144
10.342366,2.3379403697049876,2.5064824813529953,2.600177349421504,2.4284073386173612
10.35243,2.337849870275118,2.507229009303966,2.600004066376173,2.4276375528992364
10.362743,2.337767928835473,2.5079576757623587,2.599842314238076,2.426890258362096
10.372569,2.3377116695980593,2.5086964077333573,2.5996677270449666,2.426153555579922
10.382714,2.337620237776894,2.509426933356137,2.5994719111632967,2.4254083625432954
10.392852,2.3375487875978953,2.510147529763861,2.599269788957959,2.4246805703130034
10.402373,2.3374709041038,2.5108828885072687,2.5990483389963264,2.4239538489677237
10.412383,2.337409283056225,2.5116071569942853,2.5988134953489785,2.423203973198582
10.422492,2.337366681366458,2.5123396874273336,2.598573208518547,2.422463838534654
10.432557,2.337315268610175,2.5130640686661994,2.598348685929711,2.4217241257665214
10.442651,2.3372655994165106,2.5137951367380587,2.5981051698660313,2.4210032017967356
10.4526615,2.3372340515777874,2.5145146424883866,2.5978527135047025,2.420304615770028
10.46251,2.3371788701093297,2.515258807722395,2.597584558601644,2.4195975225650335
10.472656,2.337131255331752,2.51598711902913,2.5973180820780053,2.4188807491386863
10.482674,2.3370797495841855,2.516741936749191,2.5970518777000047,2.418175282915244
10.492813,2.3370550259567895,2.5174780582981358,2.5967701550327966,2.417467884659377
10.50237,2.337023508144421,2.5181987313053846,2.5964943124909783,2.416766638009577
10.51272,2.337012107989254,2.518928955476126,2.596178645033465,2.4160863007492375
10.522494,2.337003549019403,2.519635495961065,2.595853368944035,2.415407374540377
10.53242,2.3369944459753977,2.5203677550130834,2.5955463712262232,2.4147489218509417
10.542434,2.337002684290201,2.5211144123781817,2.595206067808637,2.4140802981493312
10.552315,2.3370135441407927,2.521847109454739,2.5948562533455846,2.413418712155932
10.562801,2.337013845566342,2.522588338281639,2.594505356690061,2.4127670893444453
10.572979,2.337032389733332,2.523305937982877,2.594144266218981,2.4121293214816864
10.582445,2.337051229112548,2.524013693845614,2.593782447789469,2.4115026734440894
10.592521,2.3370818212555644,2.524732260351048,2.593407151297705,2.4108555032397043
10.602544,2.3370988622642996,2.5254405226005,2.5930045239764685,2.41023145493094
10.612964,2.3371271105217564,2.526152825775385,2.592606158619356,2.4096147869958666
10.62235,2.337155398222877,2.5268617770709305,2.5921927771679534,2.4090012988391862
10.632723,2.3372132068990625,2.527581296228944,2.591769637094177,2.408405168797484
10.642453,2.3372743128744924,2.5282843438528593,2.591341827901272,2.4078226286548627
10.65301,2.3373307341581837,2.528987130798647,2.5909338362741643,2.4072538916211834
10.662888,2.3373896782010277,2.5297120830123245,2.5904903346694694,2.406682455314064
10.673477,2.337466765144919,2.5303991750925885,2.5900388606690212,2.4061106066934035
10.682531,2.3375499930467805,2.531085732696403,2.5895713109480436,2.4055552427416154
10.692706,2.3376324799599373,2.5317809115737266,2.5891170389713976,2.405006215395005
10.702526,2.3377136194879404,2.532471736208819,2.588651952529893,2.404490278491867
10.712516,2.3378196289663276,2.533169781623261,2.5881695246768652,2.403973162645405
10.722731,2.3378970898311904,2.5338661952432533,2.5876588361606423,2.4034609619451883
10.732448,2.3379762728392186,2.5345549586668312,2.587153854882845,2.4029804493156397
10.742457,2.338066169990768,2.535233607614572,2.586648806488991,2.402497266308542
10.753114,2.338173849939021,2.5359289555462996,2.5861259861184616,2.4020348232936715
10.762469,2.3382879603505287,2.5366212916377844,2.5856054757564872,2.4015485840352055
10.7728,2.338381375528117,2.5373123028329214,2.5850832703614426,2.40107574922658
10.782678,2.338506501324665,2.537955993432699,2.584529839114588,2.4006330188745264
10.792364,2.3386174569863702,2.5386193772595576,2.5839866643378295,2.4002015887867265
10.803196,2.3387288376646835,2.5392731161169713,2.5834359831566878,2.399781777263737
10.812368,2.3388533497101456,2.539920049687949,2.582868476624068,2.3993734813455427
10.822639,2.3390030943623112,2.5405788118703208,2.58229139139431,2.3989739666021532
10.832818,2.3391499677121956,2.541212839612545,2.5817033886865226,2.398579634547411
10.842549,2.3393031163659757,2.541865507463656,2.581111422258471,2.3981931729448602
10.852658,2.3394512433679404,2.5425169312597986,2.5805269138088596,2.3978039426093103
10.862496,2.3396120549253934,2.5431610586359557,2.579937494329262,2.3974544908592477
10.872593,2.339784181566173,2.5438365735212036,2.5793487308060326,2.3971146872114786
10.882719,2.3399682208221386,2.5444911569550768,2.5787396578252824,2.3967804839180724
10.892485,2.3401491137807455,2.54509050549261,2.5781266464709485,2.3964667296328144
10.902511,2.340303646560714,2.545724603072431,2.577502560642187,2.396178991345737
10.912897,2.340468540087556,2.546347636367166,2.576881826848062,2.3958779947374493
10.922695,2.3406611200861156,2.5469712868794714,2.576255174780796,2.3955842473226765
10.932639,2.3408614223396316,2.547594425598978,2.5756236717000482,2.3952923801495873
10.942475,2.341052196899367,2.5482046403270875,2.5749905152717667,2.395014683018686
10.952927,2.3412481130553413,2.5487745923882015,2.574356563912976,2.394760800071494
10.962721,2.341451832482788,2.549359115747182,2.573704671894782,2.3945082889316676
10.972466,2.341665169613329,2.5499689232758977,2.573046060420235,2.394292986723398
10.982855,2.3418944614594723,2.5505600661469425,2.572383397267949,2.394087639073724
10.992535,2.3421347577719818,2.5511491138358893,2.571734712697019,2.393871611746614
11.002411,2.3423518437272675,2.551731477226847,2.5710644751802985,2.3936630237647742
11.012417,2.3425774382922624,2.5523261757178,2.570379177671759,2.393491918102441
11.022681,2.342836480282654,2.5528946259269296,2.569687426741849,2.3933104663402545
11.032806,2.3430510858311018,2.5534556523253453,2.569001181796985,2.3931563888157275
11.042906,2.343293545962819,2.5540396887863475,2.5682996512087235,2.393015223668501
11.052639,2.343528831270573,2.554617698795637,2.567577180703334,2.392898214347473
11.062772,2.3437754690864367,2.5551921061657974,2.5668623583992463,2.392775937772044
11.072488,2.3440408152729213,2.5557696656453563,2.566156657482569,2.392676215134261
11.082622,2.344294798414011,2.5563279954568494,2.5654168006208473,2.3925687167888374
11.092733,2.3445735605825258,2.556876020201441,2.564664415967559,2.392478524202807
11.103109,2.3448263500902415,2.5574332090988063,2.5639053402023713,2.3924113018579996
11.112721,2.3450931426705,2.5579669217510994,2.563174554398616,2.392366512857686
11.122326,2.3453864528789548,2.5584874824331107,2.562435831252949,2.3923169707349223
11.13252,2.345701574089018,2.5590186972303126,2.5616857813981704,2.392284949178558
11.142313,2.3460313380935203,2.5595318272872642,2.5609139850232916,2.3922617485932003
11.152626,2.346354651264169,2.560039757991682,2.560181462605556,2.392245034749026
11.162494,2.3466636407853287,2.560566731469991,2.5594173720293907,2.3922465035384732
11.172303,2.3469810695811524,2.561105006412873,2.5586608790660668,2.392289461168959
11.182279,2.347296331959872,2.561601119507762,2.5578991541591063,2.392316667633316
11.192619,2.3476143032083625,2.5620675665631576,2.5571521034675735,2.3923749918733432
11.202375,2.3479266904703193,2.5625363504954657,2.5563445371658284,2.3924411283121616
11.212727,2.3482722487154875,2.563038226126289,2.55555509287909,2.392529567581577
11.222507,2.348620065964644,2.563503139718253,2.554792631602014,2.3926461517139974
11.23274,2.348976340289694,2.563988230245399,2.5540087063929335,2.3927659731850643
11.242706,2.349307076743849,2.564470090103067,2.5532060165812784,2.3928931503685757
11.2525625,2.3496474265438128,2.5649488520874137,2.552402520859765,2.393058399831413
11.262755,2.3499878158597887,2.5654122418913734,2.55160550744224,2.3932195139737074
11.272477,2.350331171558705,2.5658419940386294,2.550812607606619,2.3934030869086738
11.282503,2.3507019372231683,2.5662628662711704,2.5500360630077368,2.393594174598366
11.29261,2.3510833839685508,2.5667054157813456,2.5492272284063313,2.393802254759283
11.302933,2.3514592770126743,2.5671543707978324,2.5484261374090584,2.3940211182632956
11.312377,2.3518237220176976,2.56759432878759,2.5476118222609636,2.3942586960841608
11.322645,2.3522275366325816,2.5680216223767216,2.5467917482115254,2.3944949651579694
11.332386,2.35263707152593,2.5684618530340253,2.5459749813342287,2.3947403837214836
11.342363,2.3530515131644214,2.5688880688325724,2.5451789687190205,2.394983060824799
11.352461,2.3534738304940293,2.569289837895239,2.544368187916906,2.395271318438814
11.36248,2.3538892638359656,2.56969975815673,2.5435495137410027,2.395563619528388
11.372354,2.354322560662863,2.5700822319905554,2.5427142018534443,2.3958561620144727
11.382718,2.35476148624753,2.5704465707383535,2.541888513052007,2.396158460796183
11.392363,2.355201093834966,2.5708111983066035,2.5410675932895823,2.3964866815034758
11.402369,2.3556247185748918,2.5711834228827355,2.5402284357433698,2.396819375708254
11.4125395,2.3560708327196305,2.5715378782781193,2.539394622921314,2.3971524742052512
11.42261,2.3564939583796436,2.571869971976206,2.538588713556746,2.397524031559313
11.432264,2.3569364214648343,2.5722335062687294,2.537784696609787,2.3979072791353717
11.442546,2.3573893316737657,2.5725724738660527,2.536955271512324,2.398305237945263
11.452386,2.3578466356212284,2.57287481904156,2.536136194696729,2.3986997555645724
11.462379,2.3583132840739762,2.573205314756101,2.5353266129673497,2.399114173981752
11.472682,2.3587708766972186,2.57352784874605,2.5344982464956387,2.3995138449825673
11.482413,2.359247016948346,2.573810059466999,2.533668006836935,2.3999570649170927
11.492609,2.3597340891733576,2.5740870140173437,2.5328383688363534,2.4003996890776995
11.502894,2.360243300485491,2.5743874047324016,2.532033263739449,2.400871312176351
11.512444,2.360732195818452,2.5746391523149135,2.5312155399755936,2.401355887314138
11.52255,2.3612064663513355,2.574886920302,2.530431461292103,2.401832172281989
11.53263,2.3617005770829618,2.575152517351155,2.529631905089857,2.4023177421782704
11.542689,2.362179684177327,2.5753962214675648,2.528850920451211,2.40282676875491
11.552674,2.3626672129758117,2.5756522596733937,2.528038944397272,2.403324589806378
11.562438,2.3631645808963224,2.575868694327709,2.5272435416804564,2.4038426517783122
11.572278,2.363683988786169,2.576104000511776,2.5264520475436414,2.4043900355449064
11.582702,2.3642025055840086,2.5763201933746602,2.525629079128311,2.404941149085482
11.592282,2.36475693175262,2.5765183934807965,2.524792579183762,2.405496631958639
11.602338,2.3652976775003838,2.576708335895855,2.5239683944178113,2.4060553825407878
11.612444,2.3658157894342726,2.576894105493333,2.5231429257790348,2.4066463275249093
11.622631,2.3663499316270484,2.5771056938713612,2.522310503596215,2.4072360499550705
11.632824,2.366893634885377,2.5773073774121515,2.5214818955709903,2.4078259273427673
11.642367,2.367430497701835,2.5775018487619477,2.5206689981265584,2.408451668127249
11.65285,2.367981751845656,2.5776771262127847,2.5198488802600805,2.4090733624465255
11.662614,2.3685458743014127,2.5778606118881764,2.519064840766748,2.4097271155035505
11.672365,2.369135367237724,2.5780154926244716,2.518274617769451,2.410370316099724
11.682684,2.3697250721775167,2.578186851936244,2.5175018154847915,2.411036681226061
11.692591,2.370293741038566,2.5783257621298445,2.516711843624971,2.4117208560848007
11.702707,2.370875194308563,2.578459491423792,2.5159217546279073,2.4123833497521048
11.712376,2.3714536321863453,2.5785912244067553,2.5151415960993715,2.4130552394499443
11.722497,2.3720400440501646,2.5787181687884653,2.514372687932721,2.413751422856934
11.732582,2.3726268479153667,2.578817385550134,2.513589643589429,2.4144624799252354
11.742255,2.3732447721964123,2.578907568586513,2.512814607755994,2.4151959040939652
11.752752,2.373846622603264,2.5789813920613907,2.5120449276962744,2.4159275132898266
11.762599,2.374456913143402,2.5790469194360583,2.511328606006446,2.4166586943403705
11.772402,2.3750933443155327,2.5791020542544545,2.510587735234723,2.417360480007486
11.782492,2.375737352662869,2.579169053642473,2.5098484333485547,2.418088087350359
11.792495,2.376370219708995,2.5792022505106886,2.5091013164252898,2.4188320762991786
11.802698,2.3770133572564025,2.5792484846740824,2.5083756683556717,2.419573540207665
11.812754,2.3776598133517695,2.579283053194949,2.5076341815597045,2.420338689280067
11.822374,2.378299101968293,2.5793300607722407,2.506904079076219,2.4211073014492137
11.832785,2.378953134566011,2.579364513185462,2.5061804299131305,2.4219002018527718
11.842574,2.3795810125864265,2.5793800743911826,2.505456744107871,2.4226882320861187
11.852808,2.3802630876559356,2.5793701496764263,2.50473912699637,2.4234746274632823
11.862522,2.38092781025643,2.5793645939637773,2.504035604838635,2.4242683036640322
11.872827,2.381595852061672,2.579379492605411,2.503322101557463,2.4251017846802068
11.882434,2.3822903647661477,2.5793725471602613,2.5026322059891504,2.425927768737407
11.892628,2.3829388885359735,2.579348361881328,2.501961419279167,2.426762748532091
11.902955,2.3836087921641034,2.579299068648664,2.5012476937027075,2.4275845553536564
11.912356,2.384281917198724,2.579233079869132,2.5005408226993255,2.4284299818448587
