elapsed_time_sec,ss1_lp_ma,ss2_lp_ma,ss3_lp_ma,ss4_lp_ma
1.537e-06,2.81818,2.60565,2.50008,2.56503
0.0101181,2.81752,2.60445,2.50012,2.56592
0.0200881,2.81688,2.60324,2.50012,2.5668
0.0300826,2.81622,2.60205,2.50015,2.56769
0.0400675,2.81558,2.60087,2.50019,2.56855
0.050155,2.81494,2.59969,2.50023,2.56942
0.0600877,2.8143,2.59852,2.50031,2.57028
0.0700761,2.81367,2.59737,2.5004,2.57111
0.0801612,2.813,2.59622,2.50051,2.57192
0.0901023,2.81234,2.59503,2.50063,2.57273
0.100082,2.81167,2.59383,2.50075,2.57356
0.110063,2.81099,2.59268,2.50089,2.57438
0.120065,2.81034,2.59156,2.50104,2.57518
0.130062,2.80965,2.59041,2.50119,2.57598
0.140059,2.80897,2.58927,2.50137,2.57679
0.15006,2.80827,2.5881,2.50157,2.5776
0.160058,2.80759,2.58695,2.50173,2.57838
0.17006,2.80688,2.58584,2.50193,2.57915
0.18006,2.80618,2.58473,2.50214,2.57991
0.190058,2.80547,2.58363,2.50239,2.58064
0.200058,2.80476,2.58251,2.50261,2.58138
0.210058,2.80405,2.5814,2.5029,2.58212
0.220062,2.80334,2.5803,2.50315,2.58285
0.230062,2.80262,2.57919,2.50342,2.58358
0.240061,2.80192,2.57811,2.50372,2.5843
0.250059,2.8012,2.57705,2.504,2.58501
0.260058,2.80047,2.576,2.50428,2.58573
0.270059,2.79973,2.57495,2.50456,2.58643
0.280058,2.79902,2.57388,2.50487,2.58714
0.290059,2.79831,2.57282,2.50519,2.58785
0.300058,2.79757,2.57178,2.50551,2.58853
0.310058,2.79682,2.57071,2.50585,2.58921
0.320061,2.79608,2.5697,2.50621,2.58987
0.330081,2.79536,2.56868,2.50655,2.59051
0.340079,2.79463,2.56766,2.50692,2.59113
0.350081,2.7939,2.56665,2.50729,2.59175
0.360605,2.79315,2.56565,2.50767,2.59239
0.370092,2.79241,2.56465,2.50805,2.59298
0.380083,2.79164,2.56365,2.50846,2.5936
0.390075,2.79087,2.56267,2.50888,2.59421
0.400075,2.7901,2.56171,2.5093,2.59478
0.410084,2.78934,2.56074,2.50971,2.59535
0.420097,2.78857,2.55976,2.51017,2.5959
0.430088,2.78779,2.55879,2.51063,2.59645
0.440081,2.78702,2.55784,2.51106,2.59702
0.450075,2.78625,2.5569,2.51153,2.59754
0.460081,2.78547,2.55598,2.51202,2.59806
0.470086,2.7847,2.55505,2.51249,2.59856
0.480081,2.7839,2.55415,2.51297,2.59902
0.490075,2.7831,2.55323,2.51343,2.59951
0.500075,2.78229,2.55231,2.51394,2.59999
0.510079,2.7815,2.55141,2.51444,2.60045
0.520093,2.78074,2.5505,2.51495,2.60089
0.530082,2.77994,2.54959,2.51547,2.60129
0.540071,2.77913,2.5487,2.516,2.6017
0.550325,2.77832,2.54781,2.51653,2.60212
0.560083,2.7775,2.54694,2.51709,2.60252
0.570091,2.77666,2.54612,2.51766,2.60289
0.580085,2.77586,2.5453,2.51824,2.60325
0.590078,2.77507,2.54448,2.51883,2.60363
0.600073,2.77425,2.54366,2.51944,2.60398
0.610081,2.77344,2.54283,2.52002,2.60434
0.620076,2.77265,2.54202,2.5206,2.60467
0.630082,2.77183,2.54121,2.52119,2.60499
0.640076,2.77101,2.54037,2.5218,2.60528
0.650072,2.77018,2.5396,2.52239,2.60558
0.660086,2.76933,2.53883,2.523,2.60584
0.670084,2.76849,2.53805,2.52361,2.60609
0.680081,2.76766,2.53728,2.52422,2.60634
0.690075,2.76683,2.53652,2.52482,2.60658
0.700072,2.766,2.53577,2.52543,2.60679
0.710081,2.76517,2.53501,2.52602,2.607
0.721616,2.76435,2.53429,2.52667,2.60717
0.730088,2.76352,2.53355,2.52731,2.60735
0.740072,2.76268,2.53284,2.52798,2.6075
0.750069,2.76182,2.5321,2.52865,2.60766
0.760076,2.76098,2.5314,2.52931,2.6078
0.770081,2.76012,2.53071,2.52997,2.60792
0.780078,2.75928,2.53001,2.53064,2.60802
0.790071,2.75842,2.52931,2.53131,2.60813
0.800097,2.75754,2.52862,2.53198,2.60822
0.810088,2.75667,2.52794,2.53266,2.6083
0.820069,2.7558,2.5273,2.53333,2.60837
0.830113,2.75492,2.52665,2.53401,2.60842
0.841903,2.75403,2.526,2.53471,2.60844
0.85008,2.75318,2.52537,2.5354,2.60847
0.860065,2.75232,2.52472,2.53605,2.60846
0.870477,2.75146,2.5241,2.53675,2.60844
0.880084,2.75059,2.52347,2.53745,2.6084
0.890071,2.74972,2.52286,2.53815,2.60837
0.900064,2.74887,2.52228,2.53885,2.60831
0.910061,2.74799,2.52168,2.53957,2.60822
0.920059,2.74711,2.52111,2.54028,2.60815
0.93006,2.74623,2.52054,2.54098,2.60807
0.940059,2.74537,2.51995,2.54167,2.60797
0.950058,2.74449,2.51938,2.5424,2.60786
0.960058,2.74363,2.51885,2.54311,2.60773
0.970059,2.74276,2.51829,2.54382,2.60759
0.980058,2.74188,2.51775,2.54452,2.60744
0.990057,2.74099,2.51721,2.54522,2.60728
1.00006,2.74011,2.51668,2.54593,2.60709
1.01008,2.73923,2.51618,2.54664,2.60689
1.02008,2.73834,2.51568,2.54734,2.60668
1.03008,2.73746,2.51516,2.54802,2.60648
1.04007,2.73659,2.51469,2.54873,2.60627
1.05006,2.73572,2.51421,2.54943,2.60601
1.06008,2.73482,2.51375,2.55012,2.60578
1.07008,2.73394,2.51331,2.55083,2.60551
1.08008,2.73303,2.51285,2.55155,2.60523
1.09006,2.73214,2.51239,2.55228,2.60497
1.10006,2.73123,2.51193,2.553,2.60466
1.11006,2.73033,2.51151,2.55374,2.60434
1.12006,2.72943,2.51109,2.55445,2.60399
1.13006,2.72852,2.51066,2.55517,2.60366
1.14006,2.72762,2.51023,2.55592,2.60334
1.15006,2.72672,2.50982,2.55662,2.603
1.16006,2.7258,2.50942,2.55732,2.60263
1.17006,2.72487,2.50902,2.55802,2.60227
1.18006,2.72395,2.50865,2.55872,2.60186
1.19006,2.72306,2.5083,2.55942,2.60144
1.20006,2.72215,2.50795,2.56012,2.60101
1.21006,2.72123,2.5076,2.56083,2.60059
1.22006,2.72034,2.50725,2.56154,2.60018
1.23006,2.71946,2.50692,2.56224,2.59975
1.24006,2.71855,2.5066,2.56293,2.59928
1.25006,2.71765,2.50626,2.56361,2.59879
1.26006,2.71674,2.50595,2.5643,2.59832
1.27006,2.71584,2.50563,2.565,2.59783
1.28006,2.71493,2.50535,2.56568,2.59735
1.29006,2.71401,2.50507,2.56639,2.59682
1.30006,2.71312,2.5048,2.56708,2.5963
1.31006,2.71221,2.50452,2.56777,2.5958
1.32006,2.71129,2.50426,2.56844,2.59529
1.33006,2.71038,2.504,2.56909,2.59475
1.34006,2.70946,2.50374,2.56976,2.59419
1.35006,2.70857,2.50349,2.57043,2.59363
1.36006,2.70765,2.50324,2.5711,2.59307
1.37007,2.70673,2.50302,2.57176,2.59249
1.38008,2.70582,2.50281,2.57243,2.59191
1.39007,2.70491,2.5026,2.57308,2.59131
1.40006,2.70398,2.5024,2.57372,2.5907
1.41006,2.70308,2.50222,2.57437,2.59009
1.42006,2.70216,2.50203,2.57502,2.58947
1.43007,2.70125,2.50185,2.57567,2.58885
1.44006,2.70033,2.50169,2.5763,2.58822
1.45006,2.69942,2.50155,2.57693,2.58759
1.46006,2.6985,2.5014,2.57754,2.58693
1.47006,2.69757,2.50123,2.57814,2.58628
1.48006,2.69665,2.5011,2.57876,2.58562
1.49006,2.69572,2.50097,2.57937,2.58495
1.50006,2.69481,2.50084,2.57999,2.5843
1.51006,2.69389,2.50072,2.58058,2.58361
1.52006,2.69296,2.5006,2.58118,2.58292
1.53006,2.69204,2.50051,2.58178,2.58223
1.54006,2.69114,2.50041,2.58239,2.58152
1.55006,2.69019,2.50033,2.58296,2.58083
1.56007,2.68926,2.50025,2.58352,2.58014
1.57008,2.68833,2.50019,2.58409,2.57942
1.58008,2.6874,2.50014,2.58466,2.57868
1.59007,2.68647,2.50009,2.5852,2.57795
1.60006,2.68555,2.50002,2.58575,2.57722
1.61006,2.68462,2.49997,2.58633,2.57648
1.62006,2.6837,2.49994,2.58688,2.57575
1.63006,2.68279,2.49992,2.58741,2.57502
1.64006,2.68188,2.49991,2.58796,2.57427
1.65006,2.68098,2.4999,2.58847,2.57353
1.66006,2.68006,2.49991,2.58899,2.57277
1.67006,2.67914,2.49991,2.58949,2.57202
1.68006,2.67819,2.49991,2.59001,2.57126
1.69006,2.67725,2.49992,2.59052,2.5705
1.70006,2.67632,2.49995,2.59103,2.56972
1.71006,2.67539,2.49996,2.59152,2.56895
1.72006,2.67445,2.49999,2.592,2.56818
1.73006,2.67353,2.50003,2.59248,2.56741
1.74006,2.67261,2.50008,2.59296,2.56662
1.75006,2.67169,2.50013,2.59341,2.56584
1.76006,2.67078,2.50019,2.59387,2.56504
1.77006,2.66986,2.50025,2.5943,2.56426
1.78006,2.66894,2.50034,2.59473,2.56348
1.79006,2.66801,2.50044,2.59516,2.56269
1.80006,2.66711,2.50054,2.59559,2.5619
1.81006,2.66621,2.50063,2.59601,2.56112
1.82006,2.6653,2.50072,2.59644,2.56033
1.83006,2.6644,2.50083,2.59684,2.55952
1.84006,2.66349,2.50093,2.59725,2.55875
1.85006,2.66256,2.50105,2.59762,2.55794
1.86006,2.66166,2.50118,2.59801,2.55714
1.87006,2.66074,2.50132,2.59839,2.55636
1.88006,2.65982,2.50148,2.59874,2.55558
1.89006,2.65891,2.50165,2.59909,2.55478
1.90006,2.658,2.50183,2.59945,2.55396
1.91006,2.6571,2.502,2.59977,2.55315
1.92006,2.65618,2.50215,2.60012,2.55237
1.93006,2.65529,2.5023,2.60044,2.55157
1.94006,2.65441,2.50245,2.60078,2.5508
1.95006,2.65351,2.50264,2.60108,2.55
1.96006,2.65263,2.50283,2.60137,2.54922
1.97006,2.65174,2.50304,2.60168,2.54843
1.98006,2.65085,2.50323,2.60198,2.54764
1.99006,2.64996,2.50344,2.60227,2.54685
2.00006,2.64908,2.50367,2.60255,2.54608
2.01011,2.64819,2.50389,2.6028,2.5453
2.02009,2.64731,2.50411,2.60306,2.54452
2.03008,2.64643,2.50434,2.60332,2.54375
2.04007,2.64554,2.50458,2.60358,2.54298
2.05006,2.64466,2.50483,2.60383,2.54221
2.06008,2.64376,2.50508,2.60407,2.54146
2.07008,2.64288,2.50532,2.60427,2.54068
2.08008,2.64201,2.50559,2.60447,2.53992
2.09009,2.64112,2.50585,2.60467,2.53918
2.10008,2.64021,2.50612,2.60486,2.53845
2.11008,2.63933,2.50639,2.60505,2.53769
2.12007,2.63842,2.50667,2.60523,2.53695
2.13008,2.63755,2.50695,2.60541,2.53623
2.14011,2.6367,2.50723,2.60558,2.5355
2.15008,2.63584,2.50753,2.60573,2.53478
2.16008,2.63497,2.50783,2.60587,2.53405
2.17006,2.6341,2.50815,2.606,2.53332
2.18007,2.63322,2.50846,2.60612,2.53261
2.19007,2.63235,2.50876,2.60623,2.53189
2.20008,2.63151,2.50908,2.60633,2.53118
2.21008,2.63064,2.5094,2.60643,2.53047
2.22006,2.62977,2.50972,2.60651,2.52976
2.23049,2.62893,2.51005,2.60658,2.52905
2.24108,2.62807,2.51039,2.60664,2.52835
2.25008,2.62722,2.51074,2.60671,2.52767
2.26008,2.62636,2.51108,2.60676,2.52701
2.27006,2.62553,2.51143,2.60681,2.52635
2.28249,2.6247,2.51177,2.60684,2.52569
2.2901,2.62384,2.51213,2.60687,2.52502
2.30008,2.623,2.51248,2.6069,2.52438
2.31008,2.62214,2.51284,2.60692,2.52375
2.32007,2.62128,2.51323,2.60694,2.5231
2.33009,2.62044,2.51361,2.60694,2.52247
2.34009,2.61959,2.51399,2.60694,2.52185
2.35008,2.61878,2.51438,2.60691,2.52125
2.36008,2.61795,2.51477,2.60688,2.52065
2.37006,2.61711,2.51518,2.60683,2.52005
2.38009,2.61626,2.51557,2.60679,2.51947
2.39009,2.61541,2.51599,2.60673,2.51887
2.40008,2.61457,2.5164,2.60667,2.51829
2.41017,2.61374,2.51683,2.60661,2.51773
2.4201,2.61291,2.51725,2.60653,2.51717
2.43007,2.61209,2.51766,2.60643,2.51661
2.44007,2.61126,2.51809,2.60634,2.51608
2.45006,2.61044,2.51852,2.60623,2.51556
2.46006,2.60962,2.51895,2.60613,2.51505
2.47006,2.60881,2.51939,2.60601,2.51454
2.48006,2.608,2.51982,2.60588,2.51405
2.49006,2.60719,2.52027,2.60575,2.51354
2.50006,2.60638,2.52071,2.60561,2.51305
2.51006,2.60556,2.52115,2.60548,2.51256
2.52006,2.60474,2.5216,2.60532,2.51208
2.53009,2.60393,2.52204,2.60516,2.5116
2.54009,2.60315,2.52247,2.605,2.51115
2.55009,2.60237,2.52292,2.60481,2.51069
2.56008,2.60156,2.52338,2.60465,2.51027
2.57006,2.60077,2.52385,2.60447,2.50985
2.58009,2.59998,2.52432,2.60426,2.50944
2.5901,2.59919,2.52479,2.60404,2.50903
2.60008,2.59841,2.52526,2.60382,2.50863
2.61008,2.59763,2.52575,2.60359,2.50824
2.62007,2.59683,2.52624,2.60335,2.50787
2.63009,2.59606,2.52672,2.6031,2.5075
2.64009,2.59528,2.5272,2.60285,2.50715
2.65008,2.59452,2.52769,2.60259,2.5068
2.66008,2.59373,2.52819,2.60233,2.50645
2.67006,2.59296,2.52867,2.60205,2.50612
2.68249,2.5922,2.52915,2.60179,2.5058
2.69009,2.59142,2.52963,2.60151,2.50549
2.70008,2.59067,2.53012,2.60122,2.50518
2.71008,2.58991,2.53061,2.60093,2.50489
2.72006,2.58913,2.53111,2.60063,2.50459
2.73009,2.58837,2.53162,2.60032,2.50429
2.74009,2.58763,2.53214,2.6,2.50405
2.75008,2.5869,2.53267,2.59968,2.5038
2.76008,2.58616,2.5332,2.59935,2.50355
2.77008,2.58542,2.53372,2.599,2.50332
2.78009,2.58468,2.53423,2.59866,2.50308
2.79004,2.58394,2.53475,2.59831,2.50288
2.80008,2.58321,2.53527,2.59796,2.50268
2.81008,2.58248,2.53578,2.59761,2.50247
2.82007,2.58176,2.5363,2.59726,2.50228
2.83009,2.58102,2.53682,2.5969,2.5021
2.84009,2.58031,2.53734,2.59652,2.50194
2.85008,2.57959,2.53786,2.59612,2.50178
2.86008,2.57888,2.53836,2.59572,2.50163
2.87006,2.57817,2.53889,2.59531,2.5015
2.88008,2.57746,2.53942,2.59489,2.50138
2.89026,2.57674,2.53996,2.59447,2.50127
2.90009,2.57603,2.54048,2.59407,2.50116
2.91012,2.57533,2.54102,2.59364,2.50107
2.92007,2.57462,2.54157,2.5932,2.501
2.93008,2.57392,2.54211,2.59279,2.50094
2.94008,2.5732,2.54264,2.59236,2.50087
2.95007,2.57251,2.54317,2.59192,2.5008
2.96008,2.57181,2.5437,2.59147,2.50074
2.97007,2.57111,2.54424,2.59102,2.50071
2.98008,2.57042,2.54479,2.59055,2.50069
2.99009,2.56972,2.54533,2.59007,2.50069
3.00008,2.56904,2.54588,2.58961,2.50069
3.01008,2.56836,2.54643,2.58914,2.5007
3.02007,2.56768,2.54696,2.58865,2.50072
3.03008,2.56702,2.5475,2.58816,2.50073
3.04008,2.56634,2.54804,2.58766,2.50077
3.05007,2.56566,2.54857,2.58714,2.50082
3.06008,2.56498,2.5491,2.58663,2.50087
3.07007,2.56432,2.54963,2.58612,2.50093
3.08009,2.56365,2.55019,2.58558,2.50102
3.09009,2.56299,2.55074,2.58505,2.5011
3.10008,2.56235,2.55129,2.58453,2.5012
3.11007,2.56171,2.55185,2.584,2.50128
3.12006,2.56106,2.5524,2.58347,2.50138
3.13006,2.56042,2.55295,2.5829,2.5015
3.14006,2.55978,2.55351,2.58236,2.50162
3.15006,2.55914,2.55405,2.58181,2.50175
3.16006,2.55849,2.5546,2.58128,2.5019
3.17006,2.55785,2.55514,2.58072,2.50205
3.18006,2.55722,2.5557,2.58016,2.50223
3.19007,2.55662,2.55624,2.57959,2.50241
3.20006,2.55598,2.55676,2.57903,2.50261
3.21006,2.55536,2.5573,2.57846,2.50281
3.22006,2.55474,2.55782,2.5779,2.50302
3.23006,2.55413,2.55835,2.57733,2.50324
3.24006,2.55352,2.55888,2.57676,2.50346
3.25006,2.5529,2.55941,2.57618,2.5037
3.26006,2.55229,2.55994,2.5756,2.50393
3.27006,2.55169,2.56047,2.57501,2.50418
3.28006,2.55107,2.56102,2.57442,2.50444
3.29006,2.55049,2.56155,2.57383,2.5047
3.30006,2.54989,2.56209,2.57322,2.50498
3.31006,2.54928,2.56264,2.5726,2.50526
3.32006,2.54869,2.56317,2.572,2.50554
3.33006,2.54811,2.56369,2.5714,2.50581
3.34006,2.54752,2.56422,2.57079,2.50612
3.35006,2.54696,2.56474,2.57017,2.50642
3.36006,2.54638,2.56525,2.56956,2.50672
3.37009,2.54582,2.56577,2.56894,2.50705
3.3801,2.54527,2.56628,2.56833,2.50737
3.39007,2.54472,2.56682,2.56771,2.5077
3.40006,2.54417,2.56733,2.5671,2.50804
3.41006,2.54364,2.56784,2.56649,2.50839
3.42006,2.54309,2.56837,2.56585,2.50875
3.43006,2.54257,2.56887,2.56524,2.5091
3.44006,2.54203,2.56937,2.56463,2.50948
3.45006,2.5415,2.56986,2.56402,2.50985
3.46006,2.54097,2.57035,2.5634,2.51023
3.47006,2.54043,2.57084,2.56277,2.51061
3.48006,2.53991,2.57136,2.56215,2.511
3.49006,2.53938,2.57185,2.56153,2.51141
3.50009,2.53885,2.57234,2.56091,2.51182
3.51008,2.53831,2.57284,2.56027,2.51222
3.52008,2.53779,2.57335,2.55963,2.51264
3.53008,2.53728,2.57386,2.559,2.51305
3.54008,2.53677,2.57433,2.55837,2.51348
3.55007,2.53627,2.5748,2.55774,2.51392
3.56012,2.53576,2.57528,2.55711,2.51436
3.57011,2.53526,2.57577,2.55648,2.51479
3.5801,2.53476,2.57625,2.55585,2.51523
3.5901,2.53426,2.57673,2.55519,2.51568
3.60018,2.53377,2.5772,2.55456,2.51614
3.61009,2.53328,2.57767,2.55392,2.5166
3.62008,2.5328,2.57813,2.5533,2.51705
3.63007,2.53233,2.5786,2.55268,2.5175
3.64007,2.53186,2.57905,2.55205,2.51796
3.65007,2.53141,2.5795,2.55142,2.51843
3.66007,2.53094,2.57997,2.55079,2.51889
3.67007,2.53046,2.58041,2.55016,2.51937
3.68007,2.52999,2.58084,2.54955,2.51983
3.69007,2.52954,2.58129,2.5489,2.52033
3.70011,2.52908,2.58172,2.54827,2.52082
3.71008,2.52862,2.58215,2.54764,2.52131
3.72009,2.52817,2.5826,2.54702,2.52181
3.73008,2.52773,2.58305,2.5464,2.52232
3.74008,2.52727,2.58349,2.54578,2.52281
3.75008,2.52682,2.58392,2.54516,2.52331
3.76008,2.5264,2.58434,2.54455,2.52381
3.77008,2.52597,2.58477,2.54392,2.52431
3.78008,2.52554,2.58519,2.54331,2.52482
3.79008,2.52512,2.58561,2.54269,2.52534
3.8001,2.52469,2.58602,2.54207,2.52585
3.81008,2.52427,2.58642,2.54145,2.52637
3.82009,2.52386,2.58683,2.54084,2.52689
3.83009,2.52344,2.58723,2.54023,2.5274
3.84008,2.52303,2.58763,2.53962,2.52791
3.85008,2.52263,2.58802,2.539,2.52844
3.86008,2.52224,2.58842,2.5384,2.52895
3.87015,2.52185,2.58881,2.53782,2.52947
3.88014,2.52149,2.58919,2.53723,2.52999
3.89012,2.52111,2.58958,2.53663,2.53051
3.90019,2.52074,2.58997,2.53604,2.53103
3.91009,2.52035,2.59036,2.53544,2.53155
3.92011,2.51999,2.59073,2.53486,2.53206
3.9301,2.51961,2.59108,2.53427,2.53258
3.94009,2.51925,2.59144,2.53369,2.5331
3.95009,2.51888,2.5918,2.53312,2.53362
3.96011,2.51852,2.59215,2.53253,2.53413
3.97023,2.51816,2.59252,2.53195,2.53463
3.9801,2.51782,2.59289,2.53139,2.53515
3.9901,2.51746,2.59325,2.53083,2.53568
4.00028,2.51712,2.59361,2.53027,2.53619
4.01015,2.51676,2.59396,2.5297,2.5367
4.0201,2.51643,2.59429,2.52913,2.53723
4.03008,2.51609,2.59462,2.52857,2.53774
4.04037,2.51576,2.59495,2.528,2.53825
4.05017,2.51544,2.59529,2.52744,2.53876
4.06012,2.51511,2.59561,2.5269,2.53927
4.07013,2.51478,2.59593,2.52635,2.53978
4.08192,2.51447,2.59623,2.52582,2.54027
4.09011,2.51415,2.59655,2.52531,2.54077
4.10018,2.51384,2.59687,2.52479,2.54126
4.11009,2.51353,2.59718,2.52429,2.54176
4.12008,2.51323,2.59747,2.52377,2.54224
4.1301,2.51291,2.59777,2.52327,2.54271
4.14008,2.51261,2.59805,2.52275,2.54321
4.15025,2.51233,2.59834,2.52223,2.54369
4.1601,2.51204,2.59863,2.52173,2.54416
4.17008,2.51175,2.59892,2.52124,2.54464
4.18008,2.51146,2.5992,2.52074,2.54511
4.19009,2.5112,2.59947,2.52024,2.54557
4.20009,2.51092,2.59974,2.51975,2.54603
4.21008,2.51065,2.59998,2.51929,2.54649
4.22024,2.5104,2.60022,2.51881,2.54696
4.23009,2.51015,2.60047,2.51835,2.5474
4.24009,2.5099,2.60071,2.51789,2.54787
4.25013,2.50965,2.60095,2.51743,2.54831
4.26008,2.50938,2.60119,2.51699,2.54875
4.27008,2.50912,2.60142,2.51655,2.54919
4.28163,2.50887,2.60164,2.51612,2.54963
4.2901,2.50862,2.60187,2.51569,2.55006
4.30009,2.50838,2.60209,2.51525,2.55049
4.31009,2.50814,2.60231,2.51482,2.55092
4.32011,2.50791,2.60252,2.51441,2.55133
4.33008,2.50767,2.60273,2.514,2.55175
4.34009,2.50745,2.60292,2.5136,2.55216
4.35007,2.50722,2.60314,2.5132,2.55257
4.36009,2.50701,2.60334,2.5128,2.55296
4.37013,2.50679,2.60353,2.5124,2.55337
4.38251,2.50657,2.60372,2.512,2.55376
4.39009,2.50639,2.60389,2.51162,2.55415
4.40009,2.50619,2.60406,2.51124,2.55451
4.4101,2.506,2.60422,2.51087,2.55487
4.42009,2.50581,2.60438,2.5105,2.55523
4.4301,2.50561,2.60454,2.51013,2.55558
4.44008,2.50542,2.6047,2.50977,2.55594
4.45008,2.50524,2.60486,2.50943,2.55629
4.46009,2.50504,2.60501,2.50908,2.55663
4.47009,2.50486,2.60515,2.50875,2.55697
4.48007,2.50467,2.60528,2.50843,2.55729
4.4901,2.50449,2.60541,2.50811,2.55763
4.50007,2.50432,2.60553,2.50779,2.55794
4.51006,2.50416,2.60564,2.50749,2.55824
4.52007,2.50401,2.60576,2.50718,2.55853
4.53006,2.50384,2.60587,2.50688,2.55882
4.54006,2.50369,2.60598,2.5066,2.55911
4.55006,2.50352,2.60609,2.50629,2.5594
4.56007,2.50337,2.60619,2.506,2.55967
4.57009,2.50323,2.60629,2.50571,2.55993
4.58019,2.5031,2.60637,2.50544,2.5602
4.59009,2.50295,2.60645,2.50518,2.56045
4.60008,2.5028,2.60653,2.50494,2.56069
4.61009,2.50265,2.60661,2.50469,2.56092
4.62012,2.50252,2.60669,2.50444,2.56115
4.63011,2.5024,2.60676,2.50419,2.56138
4.64008,2.50229,2.60685,2.50396,2.56161
4.65011,2.50218,2.60692,2.50372,2.56182
4.66008,2.50207,2.60697,2.50349,2.56202
4.67012,2.50197,2.60702,2.50327,2.56221
4.6809,2.50187,2.60707,2.50307,2.56238
4.69086,2.50177,2.60711,2.50288,2.56256
4.70032,2.50166,2.60716,2.50268,2.56272
4.71139,2.50156,2.6072,2.50249,2.56288
4.72011,2.50147,2.60721,2.50232,2.56304
4.7301,2.50139,2.60723,2.50215,2.56318
4.74006,2.50131,2.60724,2.50198,2.56331
4.75013,2.50123,2.60724,2.50182,2.56344
4.76014,2.50115,2.60724,2.50165,2.56356
4.7705,2.50107,2.60725,2.50148,2.56368
4.7801,2.501,2.60725,2.50133,2.56379
4.79009,2.50092,2.60725,2.5012,2.56391
4.80069,2.50086,2.60724,2.50106,2.564
4.81038,2.5008,2.60724,2.50094,2.56408
4.82012,2.50073,2.60723,2.50083,2.56416
4.83012,2.50065,2.60719,2.50072,2.56422
4.84251,2.50058,2.60716,2.50061,2.56429
4.85009,2.50055,2.60711,2.50052,2.56434
4.86011,2.5005,2.60707,2.50043,2.56438
4.8701,2.50045,2.60702,2.50035,2.56443
4.8801,2.50042,2.60695,2.50026,2.56446
4.89018,2.50039,2.6069,2.50019,2.56449
4.90013,2.50036,2.60684,2.50012,2.56451
4.91013,2.50034,2.60679,2.50005,2.56453
4.9201,2.50031,2.60674,2.49999,2.56452
4.93013,2.50029,2.60668,2.49994,2.56452
4.94018,2.50029,2.60661,2.4999,2.56449
4.95026,2.50028,2.60653,2.49987,2.56446
4.96011,2.50027,2.60645,2.49985,2.56443
4.97012,2.50025,2.60636,2.49982,2.56438
4.9801,2.50024,2.60627,2.4998,2.56434
4.9901,2.50025,2.60618,2.49979,2.5643
5.0001,2.50023,2.60618,2.49977,2.5643
5.01037,2.50023,2.60616,2.49976,2.5643
5.0201,2.50021,2.60616,2.49977,2.56426
5.03016,2.50021,2.60614,2.49978,2.56421
5.04018,2.50021,2.60612,2.49979,2.56414
5.05009,2.50023,2.60611,2.49979,2.56405
5.06008,2.50022,2.60608,2.49978,2.56395
5.07007,2.50022,2.60602,2.49976,2.56386
5.08006,2.5002,2.60595,2.49976,2.56375
5.09048,2.50019,2.60585,2.49977,2.56362
5.10008,2.50019,2.60575,2.49976,2.56345
5.11007,2.50018,2.60564,2.49974,2.56328
5.12007,2.5002,2.60554,2.49974,2.56309
5.13006,2.5002,2.60542,2.49974,2.5629
5.14006,2.50019,2.60529,2.49975,2.56269
5.15006,2.5002,2.60514,2.49978,2.56246
5.16006,2.5002,2.60497,2.49977,2.56223
5.17006,2.5002,2.6048,2.49976,2.56197
5.18006,2.50019,2.60466,2.49977,2.56169
5.19006,2.50019,2.60449,2.49975,2.56142
5.20007,2.5002,2.6043,2.49974,2.56112
5.21007,2.50019,2.60409,2.49973,2.56081
5.22006,2.5002,2.60387,2.49973,2.56047
5.23006,2.50019,2.60363,2.49975,2.56012
5.24006,2.50018,2.60338,2.49975,2.55974
5.25006,2.50018,2.60315,2.49975,2.55936
5.26006,2.50019,2.60292,2.49974,2.55897
5.27006,2.50019,2.60267,2.49974,2.55856
5.28006,2.5002,2.60241,2.49977,2.55813
5.29006,2.50021,2.60214,2.49978,2.55768
5.30006,2.50022,2.60187,2.49978,2.55722
5.31006,2.50022,2.60159,2.49978,2.55676
5.32006,2.50022,2.60129,2.49976,2.55629
5.33006,2.50022,2.60098,2.49976,2.55579
5.34006,2.5002,2.60067,2.49975,2.55526
5.35006,2.50019,2.60035,2.49974,2.55474
5.36006,2.50019,2.60003,2.49973,2.55421
5.3705,2.50018,2.59969,2.49974,2.55368
5.38009,2.50016,2.59935,2.49975,2.55312
5.39008,2.50017,2.59899,2.49975,2.55255
5.40006,2.50018,2.59862,2.49974,2.55197
5.41008,2.50019,2.59825,2.49972,2.55137
5.42009,2.50017,2.59789,2.49972,2.55077
5.43008,2.50016,2.59749,2.49973,2.55014
5.44008,2.50017,2.5971,2.49973,2.5495
5.45009,2.50017,2.5967,2.49974,2.54888
5.46248,2.50018,2.59629,2.49973,2.54821
5.47009,2.50018,2.59585,2.49974,2.54753
5.48009,2.50019,2.59541,2.49974,2.54685
5.49008,2.5002,2.59496,2.49973,2.54615
5.50046,2.5002,2.59449,2.49973,2.54543
5.51009,2.5002,2.59403,2.49974,2.54472
5.52009,2.50019,2.59355,2.49975,2.54398
5.53007,2.50018,2.59309,2.49976,2.54322
5.54008,2.50019,2.5926,2.49975,2.54247
5.5509,2.5002,2.5921,2.49975,2.54171
5.56009,2.50021,2.5916,2.49974,2.54093
5.57006,2.5002,2.59106,2.49973,2.54014
5.58008,2.5002,2.59054,2.49974,2.53935
5.59008,2.5002,2.59003,2.49972,2.53855
5.60026,2.50019,2.58949,2.49972,2.53775
5.61009,2.50019,2.58895,2.49972,2.53694
5.62008,2.50019,2.58839,2.4997,2.53609
5.63008,2.5002,2.58786,2.49972,2.53523
5.64008,2.50019,2.58732,2.49973,2.53439
5.65017,2.50019,2.58676,2.49973,2.53353
5.6601,2.50021,2.58619,2.49971,2.53265
5.67009,2.50022,2.58559,2.49969,2.53178
5.68008,2.5002,2.585,2.49971,2.53091
5.69008,2.5002,2.58439,2.4997,2.53002
5.70008,2.50021,2.58376,2.4997,2.52913
5.7101,2.50022,2.58313,2.4997,2.52822
5.72008,2.50023,2.58251,2.49968,2.52732
5.73007,2.50025,2.58187,2.49966,2.52643
5.74008,2.50025,2.58125,2.49965,2.52552
5.75009,2.50026,2.5806,2.49966,2.52461
5.7601,2.50026,2.57992,2.49966,2.52367
5.77008,2.50025,2.57925,2.49965,2.52274
5.78008,2.50023,2.57859,2.49966,2.52179
5.79008,2.50021,2.57792,2.49967,2.52086
5.80009,2.50022,2.57724,2.49966,2.5199
5.8101,2.50023,2.57653,2.49965,2.51895
5.82008,2.50023,2.57583,2.49965,2.51799
5.83008,2.50026,2.57512,2.49967,2.51704
5.84008,2.50028,2.5744,2.49966,2.51608
5.85011,2.50028,2.57367,2.49966,2.51511
5.86009,2.50028,2.57295,2.49965,2.51413
5.87009,2.50028,2.57221,2.49966,2.51315
5.88008,2.50027,2.57148,2.49966,2.51217
5.89008,2.50027,2.57075,2.49966,2.51119
5.90008,2.50028,2.57001,2.49965,2.51022
5.91009,2.50028,2.56926,2.49964,2.50923
5.92008,2.50027,2.56851,2.49965,2.50821
5.93008,2.50028,2.56774,2.49965,2.50719
5.94008,2.50026,2.56695,2.49964,2.5062
5.95008,2.50025,2.56616,2.49964,2.50522
5.96008,2.50025,2.56535,2.49965,2.50422
5.97008,2.50025,2.56455,2.49967,2.50322
5.98008,2.50024,2.56375,2.49966,2.50224
5.99008,2.50026,2.56296,2.49966,2.50124
6.00017,2.50027,2.56216,2.49966,2.50024
6.01008,2.50027,2.56135,2.49966,2.49924
6.02008,2.50026,2.56055,2.49967,2.49823
6.03008,2.50025,2.55971,2.49966,2.49723
6.04137,2.50024,2.5589,2.49965,2.49623
6.05012,2.50024,2.55805,2.49964,2.49525
6.06008,2.50024,2.5572,2.49963,2.49426
6.07008,2.50023,2.55636,2.49962,2.49329
6.08007,2.50022,2.55552,2.49963,2.49231
6.09009,2.50021,2.55467,2.49964,2.49132
6.10009,2.50021,2.55379,2.49965,2.49031
6.11007,2.5002,2.55292,2.49965,2.48934
6.12008,2.5002,2.55205,2.49964,2.48836
6.13006,2.50021,2.55117,2.49964,2.4874
6.14009,2.50022,2.55031,2.49964,2.48644
6.1501,2.50023,2.54943,2.49963,2.48549
6.16008,2.50024,2.54853,2.49963,2.48452
6.17007,2.50024,2.54765,2.49962,2.48356
6.18006,2.50023,2.54675,2.49961,2.48259
6.19008,2.50023,2.54584,2.49963,2.48163
6.20009,2.49988,2.54544,2.49913,2.48115
6.21007,2.49952,2.54503,2.49864,2.48066
6.22007,2.49917,2.54462,2.49813,2.48016
6.23006,2.49881,2.54421,2.49763,2.47967
6.24006,2.49846,2.54379,2.49713,2.47917
6.25018,2.4981,2.54339,2.49662,2.47866
6.26008,2.49775,2.54297,2.49612,2.47817
6.27008,2.4974,2.54254,2.49561,2.47768
6.28007,2.49703,2.54211,2.49511,2.4772
6.29009,2.49665,2.54167,2.49459,2.47671
6.30009,2.49629,2.54124,2.49409,2.47623
6.31008,2.49591,2.5408,2.49358,2.47576
6.32115,2.49553,2.54037,2.49307,2.47529
6.33009,2.49516,2.53994,2.49257,2.4748
6.34004,2.49479,2.53948,2.49207,2.47434
6.35007,2.4944,2.53903,2.49156,2.47386
6.36008,2.49401,2.53859,2.49105,2.4734
6.37009,2.49362,2.53815,2.49052,2.47295
6.38008,2.49322,2.53771,2.49001,2.4725
6.39008,2.49283,2.53725,2.4895,2.47206
6.40291,2.49242,2.53681,2.48897,2.47163
6.41009,2.49201,2.53637,2.48845,2.4712
6.42008,2.4916,2.53591,2.48794,2.47079
6.43007,2.49119,2.53546,2.48743,2.47036
6.44248,2.49079,2.535,2.4869,2.46993
6.45008,2.49037,2.53454,2.4864,2.4695
6.46008,2.48995,2.53405,2.48589,2.46908
6.47007,2.48952,2.53358,2.48539,2.46866
6.48006,2.4891,2.53311,2.48489,2.46825
6.49006,2.48868,2.53261,2.48438,2.46785
6.50006,2.48825,2.53213,2.48388,2.46746
6.51006,2.48781,2.53164,2.48338,2.46706
6.52006,2.48739,2.53115,2.48287,2.46666
6.53006,2.48695,2.53066,2.48236,2.46627
6.5401,2.48652,2.53017,2.48188,2.4659
6.55006,2.48608,2.52969,2.48139,2.46554
6.56008,2.48563,2.5292,2.48089,2.46516
6.57008,2.48519,2.52872,2.4804,2.4648
6.58008,2.48473,2.52823,2.47989,2.46444
6.59009,2.48429,2.52774,2.4794,2.46409
6.6003,2.48383,2.52726,2.47891,2.46375
6.61008,2.48336,2.52677,2.47841,2.4634
6.62009,2.48289,2.52627,2.47793,2.46304
6.63009,2.48243,2.52577,2.47744,2.46269
6.64009,2.48197,2.52526,2.47694,2.46236
6.65008,2.48152,2.52477,2.47646,2.46204
6.66008,2.48105,2.52426,2.47599,2.46173
6.67009,2.48058,2.52378,2.4755,2.46142
6.68008,2.48011,2.52328,2.47504,2.46112
6.69006,2.47965,2.52279,2.47458,2.46083
6.70006,2.47917,2.52229,2.47412,2.46053
6.71006,2.47868,2.5218,2.47366,2.46025
6.72006,2.47819,2.5213,2.47319,2.45997
6.73006,2.4777,2.52078,2.47273,2.45971
6.74006,2.4772,2.52028,2.47226,2.45947
6.75006,2.47671,2.51975,2.47181,2.45923
6.76006,2.47622,2.51924,2.47134,2.45899
6.77006,2.47572,2.51874,2.47088,2.45875
6.78006,2.47522,2.51823,2.47044,2.45851
6.79006,2.47473,2.51771,2.47,2.45828
6.80006,2.47424,2.51721,2.46955,2.45806
6.81006,2.47373,2.5167,2.46912,2.45784
6.82006,2.47322,2.51618,2.46868,2.45765
6.83008,2.47271,2.51568,2.46824,2.45746
6.84012,2.47219,2.51517,2.46781,2.45727
6.85009,2.47168,2.51467,2.46737,2.4571
6.86012,2.47115,2.51415,2.46695,2.45694
6.8702,2.47062,2.51364,2.46654,2.45678
6.88021,2.47008,2.51311,2.46613,2.45663
6.89013,2.46955,2.5126,2.46574,2.45648
6.9001,2.46903,2.5121,2.46533,2.45634
6.91008,2.46848,2.51159,2.46493,2.4562
6.92016,2.46793,2.51108,2.46453,2.45609
6.9301,2.46739,2.51058,2.46413,2.45597
6.94009,2.46686,2.51008,2.46374,2.45588
6.95009,2.46631,2.50956,2.46335,2.45578
6.96007,2.46577,2.50905,2.46296,2.45571
6.97008,2.46522,2.50854,2.46259,2.45564
6.98008,2.46466,2.50804,2.46221,2.45556
6.99008,2.46412,2.50753,2.46184,2.45551
7.00004,2.46357,2.50701,2.46146,2.45548
7.01007,2.46302,2.5065,2.46109,2.45544
7.02009,2.46246,2.506,2.46073,2.45541
7.0302,2.46188,2.5055,2.46037,2.45539
7.04269,2.46132,2.505,2.46002,2.45539
7.05011,2.46076,2.5045,2.45967,2.45539
7.06012,2.46018,2.50401,2.45934,2.4554
7.07048,2.45962,2.5035,2.45903,2.45539
7.08012,2.45905,2.503,2.45871,2.45541
7.09022,2.45847,2.50251,2.45839,2.45542
7.1024,2.45788,2.502,2.45809,2.45546
7.11022,2.4573,2.50149,2.45779,2.45551
7.12014,2.45673,2.50099,2.4575,2.45554
7.1301,2.45614,2.50049,2.4572,2.45561
7.14023,2.45555,2.5,2.45691,2.45568
7.15009,2.45496,2.4995,2.45664,2.45575
7.16014,2.45434,2.49901,2.45636,2.45584
7.17009,2.45373,2.49851,2.45608,2.45594
7.18049,2.45313,2.49802,2.45583,2.45603
7.19014,2.45251,2.49753,2.4556,2.45613
7.20012,2.45192,2.49704,2.45534,2.45625
7.21009,2.45132,2.49655,2.45509,2.45638
7.22008,2.45071,2.49607,2.45485,2.45651
7.23025,2.4501,2.49559,2.45461,2.45665
7.24008,2.44948,2.49511,2.45439,2.45681
7.25008,2.44888,2.49462,2.45417,2.45697
7.26008,2.44826,2.49415,2.45394,2.45714
7.27048,2.44764,2.49368,2.45373,2.45731
7.28009,2.44701,2.4932,2.45351,2.4575
7.29009,2.4464,2.49271,2.4533,2.45769
7.30008,2.44579,2.49223,2.4531,2.45789
7.31007,2.44516,2.49175,2.45291,2.4581
7.32008,2.44455,2.49127,2.45274,2.45833
7.33005,2.44392,2.4908,2.45256,2.45856
7.34007,2.44328,2.49033,2.4524,2.45881
7.35008,2.44264,2.48987,2.45224,2.45907
7.36023,2.44201,2.4894,2.45208,2.45933
7.37008,2.44137,2.48894,2.45192,2.45959
7.38008,2.44071,2.48847,2.45179,2.45987
7.39009,2.44006,2.48801,2.45166,2.46015
7.40008,2.43942,2.48756,2.45153,2.46043
7.41007,2.43877,2.48712,2.45142,2.46072
7.42008,2.43813,2.48667,2.4513,2.46101
7.43008,2.43749,2.48623,2.45119,2.46133
7.44008,2.43684,2.48578,2.45109,2.46166
7.45009,2.4362,2.48533,2.45099,2.46198
7.46009,2.43554,2.48488,2.4509,2.4623
7.47008,2.43489,2.48446,2.45083,2.46264
7.48006,2.43425,2.48403,2.45074,2.46297
7.49006,2.43361,2.48361,2.45069,2.46333
7.50014,2.43296,2.48319,2.45064,2.46367
7.51006,2.43233,2.48276,2.45059,2.46403
7.52006,2.43166,2.48235,2.45056,2.4644
7.53006,2.43099,2.48194,2.4505,2.46479
7.54009,2.43034,2.48152,2.45046,2.46517
7.55009,2.42968,2.48111,2.45044,2.46555
7.56008,2.42901,2.4807,2.45043,2.46595
7.57008,2.42834,2.48031,2.45041,2.46637
7.58007,2.42766,2.47992,2.4504,2.46679
7.59008,2.42699,2.47952,2.45041,2.46721
7.60009,2.42633,2.47914,2.45045,2.46762
7.61007,2.42567,2.47877,2.45045,2.46805
7.62008,2.42501,2.47838,2.45048,2.4685
7.63009,2.42435,2.478,2.45051,2.46893
7.64008,2.42369,2.47761,2.45054,2.46938
7.65007,2.42302,2.47723,2.4506,2.46985
7.66007,2.42234,2.47687,2.45065,2.47032
7.67006,2.42167,2.47651,2.45072,2.47077
7.68006,2.421,2.47614,2.45078,2.47124
7.69006,2.42033,2.47576,2.45085,2.47173
7.70006,2.41965,2.4754,2.45092,2.47224
7.71006,2.41896,2.47503,2.451,2.47274
7.72006,2.41828,2.47467,2.45111,2.47323
7.73006,2.41759,2.4743,2.45121,2.47373
7.74006,2.4169,2.47394,2.45131,2.47424
7.75006,2.41623,2.4736,2.45143,2.47475
7.76006,2.41553,2.47327,2.45156,2.47527
7.77006,2.41485,2.47294,2.45171,2.4758
7.78006,2.41415,2.47262,2.45186,2.47635
7.79006,2.41346,2.4723,2.45203,2.47691
7.80006,2.41279,2.47198,2.45219,2.47743
7.81006,2.4121,2.47166,2.45234,2.47799
7.82006,2.41143,2.47135,2.45251,2.47853
7.83006,2.41074,2.47104,2.45269,2.47908
7.84006,2.41005,2.47072,2.45285,2.47963
7.85006,2.40935,2.47042,2.45303,2.48019
7.86006,2.40865,2.47013,2.45321,2.48075
7.87006,2.40795,2.46983,2.45341,2.48132
7.88006,2.40724,2.46955,2.45362,2.4819
7.89006,2.40654,2.46926,2.45385,2.48249
7.90006,2.40585,2.46899,2.45408,2.48308
7.91006,2.40513,2.46871,2.45433,2.48366
7.92006,2.40443,2.46844,2.45459,2.48423
7.93006,2.40374,2.46819,2.45485,2.4848
7.94006,2.40304,2.46793,2.45511,2.4854
7.95006,2.40235,2.46766,2.4554,2.48599
7.96006,2.40165,2.46739,2.45568,2.48659
7.97006,2.40095,2.46714,2.45597,2.48718
7.98006,2.40026,2.46689,2.45625,2.48778
7.99006,2.39955,2.46665,2.45655,2.48837
8.00006,2.39884,2.46642,2.45685,2.48895
8.01047,2.39812,2.46618,2.45716,2.48953
8.02009,2.39741,2.46594,2.45748,2.49011
8.03009,2.39672,2.46572,2.45781,2.4907
8.04008,2.396,2.4655,2.45816,2.49129
8.05008,2.39529,2.4653,2.45851,2.4919
8.06008,2.39458,2.46511,2.45886,2.4925
8.07007,2.39386,2.46493,2.45919,2.49309
8.08009,2.39315,2.46475,2.45956,2.49368
8.09008,2.39242,2.46456,2.45994,2.49428
8.10008,2.39172,2.46438,2.46031,2.49488
8.11006,2.39101,2.46419,2.46069,2.49549
8.12006,2.39029,2.46403,2.4611,2.4961
8.13006,2.38958,2.46386,2.4615,2.49672
8.14007,2.38889,2.46372,2.46191,2.49732
8.15007,2.38818,2.46357,2.46232,2.4979
8.16007,2.38749,2.46344,2.46273,2.4985
8.17007,2.38678,2.4633,2.46313,2.49909
8.18006,2.38607,2.46318,2.46354,2.4997
8.19006,2.38536,2.46305,2.46396,2.50029
8.20006,2.38465,2.46293,2.4644,2.50089
8.21006,2.38393,2.46279,2.46483,2.50149
8.22006,2.38321,2.46268,2.46526,2.5021
8.23006,2.38249,2.46257,2.46571,2.5027
8.24006,2.38177,2.46244,2.46617,2.5033
8.25006,2.38108,2.46236,2.46664,2.50388
8.26006,2.38036,2.46227,2.46711,2.50444
8.27006,2.37963,2.46218,2.4676,2.50503
8.28006,2.37891,2.46211,2.46809,2.50561
8.29006,2.37819,2.46202,2.46858,2.50619
8.30006,2.37748,2.46194,2.46909,2.50677
8.31006,2.37674,2.46189,2.46959,2.50734
8.32006,2.37602,2.46182,2.47012,2.50789
8.33006,2.37531,2.46177,2.47063,2.50845
8.34006,2.3746,2.46174,2.47115,2.509
8.35006,2.3739,2.46171,2.47168,2.50955
8.36006,2.37319,2.46168,2.4722,2.51011
8.37007,2.37249,2.46165,2.47272,2.51066
8.38008,2.37179,2.46164,2.47325,2.51121
8.39007,2.37108,2.46163,2.47379,2.51174
8.40006,2.37036,2.46161,2.47432,2.51227
8.41008,2.36965,2.4616,2.47488,2.51279
8.42113,2.36895,2.46162,2.47543,2.51331
8.43006,2.36824,2.46162,2.47599,2.51383
8.44007,2.36754,2.46165,2.47656,2.51434
8.45009,2.36685,2.46167,2.47714,2.51486
8.46008,2.36613,2.46169,2.47772,2.51537
8.47008,2.36542,2.46172,2.4783,2.51586
8.48008,2.36472,2.46175,2.4789,2.51636
8.49007,2.36401,2.4618,2.47949,2.51684
8.50009,2.3633,2.46186,2.48006,2.51731
8.51009,2.36261,2.46192,2.48066,2.51779
8.52007,2.3619,2.46199,2.48125,2.51824
8.53008,2.36118,2.46207,2.48185,2.5187
8.54009,2.3605,2.46215,2.48247,2.51915
8.55035,2.3598,2.46222,2.48306,2.51959
8.56167,2.35911,2.46231,2.48369,2.52003
8.57008,2.35842,2.46242,2.4843,2.52047
8.58007,2.35772,2.46254,2.48494,2.52089
8.59006,2.35703,2.46263,2.48557,2.52129
8.60009,2.35634,2.46274,2.48621,2.52171
8.61008,2.35565,2.46286,2.48685,2.52211
8.62009,2.35495,2.46298,2.48748,2.52251
8.63009,2.35425,2.46311,2.48813,2.5229
8.64009,2.35356,2.46324,2.48877,2.52331
8.65048,2.35287,2.46339,2.48941,2.5237
8.66008,2.35217,2.46353,2.49005,2.52407
8.67008,2.35149,2.46368,2.49069,2.52444
8.68008,2.3508,2.46385,2.49134,2.52479
8.69009,2.35012,2.46403,2.49199,2.52515
8.70008,2.34945,2.46419,2.49263,2.52549
8.71008,2.34879,2.46436,2.49329,2.52581
8.72008,2.34811,2.46455,2.49395,2.52613
8.73008,2.34744,2.46475,2.4946,2.52645
8.74009,2.34678,2.46496,2.49524,2.52675
8.75008,2.34611,2.46517,2.4959,2.52706
8.76008,2.34544,2.46537,2.49656,2.52735
8.77007,2.34475,2.4656,2.49723,2.52763
8.78009,2.34408,2.46583,2.4979,2.52788
8.79046,2.34338,2.46607,2.49857,2.52814
8.80009,2.34269,2.4663,2.49926,2.52838
8.81007,2.34202,2.46653,2.49995,2.52862
8.82007,2.34136,2.46679,2.50063,2.52883
8.83008,2.34068,2.46704,2.50131,2.52905
8.84007,2.34001,2.46729,2.50199,2.52925
8.85007,2.33933,2.46755,2.50268,2.52946
8.86006,2.33865,2.46782,2.50337,2.52965
8.87006,2.33799,2.4681,2.50404,2.52983
8.88006,2.33732,2.46839,2.50474,2.53001
8.89006,2.33666,2.46867,2.50543,2.53017
8.90006,2.33599,2.46897,2.50611,2.53032
8.91006,2.33533,2.46928,2.50678,2.53046
8.92006,2.33469,2.4696,2.50746,2.53058
8.93006,2.33404,2.46993,2.50814,2.5307
8.94006,2.3334,2.47026,2.50884,2.53083
8.95007,2.33275,2.47062,2.50954,2.53095
8.96008,2.3321,2.47098,2.51023,2.53102
8.97008,2.33142,2.47133,2.5109,2.53113
8.98007,2.33075,2.47168,2.51158,2.53122
8.99047,2.33009,2.47204,2.51226,2.53127
9.00089,2.32943,2.47242,2.51296,2.53133
9.01008,2.32877,2.47281,2.51365,2.53136
9.02008,2.32813,2.4732,2.51433,2.53139
9.03047,2.32748,2.47357,2.51501,2.53142
9.04009,2.32684,2.47394,2.5157,2.53142
9.05008,2.32621,2.47434,2.51639,2.53141
9.06008,2.32558,2.47475,2.51706,2.53138
9.07008,2.32494,2.47515,2.51772,2.53134
9.08008,2.32432,2.47558,2.5184,2.53129
9.0901,2.32368,2.47599,2.51907,2.53123
9.10008,2.32302,2.47642,2.51974,2.53116
9.11009,2.32239,2.47689,2.52041,2.5311
9.12008,2.32176,2.47735,2.52108,2.53102
9.13007,2.32114,2.47782,2.52174,2.53092
9.14007,2.32052,2.47829,2.5224,2.53081
9.15007,2.3199,2.47877,2.52306,2.5307
9.16007,2.31929,2.47925,2.52372,2.53057
9.17007,2.31867,2.47973,2.52436,2.53043
9.18008,2.31806,2.48022,2.52501,2.53028
9.19008,2.31745,2.48071,2.52567,2.53011
9.20007,2.31684,2.48122,2.52629,2.52993
9.21008,2.31622,2.48173,2.52692,2.52977
9.22009,2.31562,2.48224,2.52755,2.52959
9.23008,2.31502,2.48274,2.52818,2.52938
9.24008,2.31443,2.48322,2.52885,2.52916
9.25008,2.31385,2.48375,2.52948,2.52892
9.26009,2.31323,2.48427,2.5301,2.52868
9.27008,2.31263,2.48479,2.53071,2.52842
9.28008,2.31202,2.48533,2.53129,2.52815
9.29008,2.31142,2.48588,2.5319,2.52788
9.30011,2.31082,2.48643,2.5325,2.52761
9.31008,2.31023,2.48698,2.53309,2.52732
9.32008,2.30963,2.48755,2.53368,2.52702
9.33008,2.30905,2.48811,2.53427,2.5267
9.34008,2.30848,2.4887,2.53486,2.52638
9.35008,2.3079,2.48929,2.53544,2.52603
9.36008,2.30731,2.48988,2.53603,2.5257
9.37013,2.30675,2.49047,2.53661,2.52533
9.38013,2.30618,2.49107,2.53719,2.52495
9.3901,2.30562,2.49168,2.53776,2.52457
9.40018,2.30506,2.4923,2.53833,2.52417
9.4101,2.30449,2.49292,2.5389,2.52375
9.42008,2.30394,2.49354,2.53945,2.52333
9.43008,2.30341,2.49418,2.54,2.52292
9.44007,2.30288,2.4948,2.54054,2.52249
9.45007,2.30232,2.49543,2.54108,2.52206
9.46007,2.30179,2.49607,2.54162,2.52161
9.47007,2.30124,2.49673,2.54216,2.52114
9.48007,2.30071,2.49739,2.54268,2.52066
9.49007,2.30017,2.49804,2.54318,2.52016
9.50011,2.29964,2.49871,2.54369,2.51967
9.51008,2.29912,2.49938,2.5442,2.51916
9.52008,2.29861,2.50004,2.54468,2.51863
9.53008,2.29809,2.50072,2.54514,2.51809
9.54008,2.29757,2.50141,2.54563,2.51756
9.55008,2.29704,2.50211,2.54609,2.51701
9.56008,2.29655,2.50279,2.54658,2.51647
9.57014,2.29605,2.50347,2.54705,2.51591
9.58252,2.29556,2.50415,2.5475,2.51532
9.59009,2.29504,2.50486,2.54795,2.51473
9.60017,2.29454,2.50557,2.54838,2.51415
9.6101,2.29405,2.5063,2.54881,2.51357
9.62008,2.29355,2.50702,2.54923,2.51297
9.63007,2.29306,2.50774,2.54967,2.51234
9.64009,2.29258,2.50846,2.55008,2.5117
9.65007,2.29208,2.50917,2.55047,2.51106
9.66008,2.29161,2.50992,2.55087,2.51041
9.67009,2.29114,2.51065,2.55125,2.50977
9.68008,2.29066,2.5114,2.55162,2.50911
9.69007,2.29018,2.51214,2.55201,2.50844
9.70012,2.2897,2.5129,2.55238,2.50777
9.71008,2.28923,2.51365,2.55276,2.50708
9.72008,2.28877,2.51442,2.55314,2.5064
9.73008,2.28833,2.51518,2.55349,2.50572
9.74008,2.28785,2.51596,2.55384,2.50502
9.75008,2.28738,2.51674,2.55416,2.50431
9.76008,2.28693,2.51753,2.55447,2.50357
9.77008,2.28647,2.51832,2.55478,2.50283
9.78008,2.28601,2.5191,2.55507,2.50211
9.79008,2.28556,2.51989,2.55537,2.50135
9.80012,2.2851,2.52068,2.55564,2.50059
9.81008,2.28468,2.5215,2.55593,2.49986
9.82008,2.28426,2.52232,2.55618,2.49911
9.83008,2.28383,2.52313,2.55644,2.49836
9.84008,2.28342,2.52396,2.55669,2.49758
9.85008,2.28301,2.52479,2.55692,2.49681
9.86008,2.28262,2.52561,2.55717,2.49603
9.87008,2.28221,2.52643,2.55737,2.49525
9.88008,2.2818,2.52726,2.55758,2.49447
9.89008,2.28139,2.52808,2.55777,2.49369
9.90009,2.281,2.52893,2.55796,2.49289
9.91008,2.28062,2.52977,2.55815,2.49211
9.92008,2.28022,2.53064,2.5583,2.49131
9.93008,2.27984,2.5315,2.55844,2.49052
9.9401,2.27945,2.53235,2.5586,2.48971
9.9501,2.27908,2.53319,2.55877,2.48889
9.96009,2.2787,2.53403,2.5589,2.48806
9.97008,2.27831,2.53489,2.55901,2.48724
9.98008,2.27796,2.53574,2.55912,2.48642
9.99008,2.27758,2.53662,2.55921,2.48559
10.0001,2.27722,2.53748,2.55929,2.48476
10.0101,2.27688,2.53835,2.55936,2.48391
10.0201,2.27652,2.53923,2.55945,2.48306
10.0305,2.27619,2.5401,2.55952,2.4822
10.0425,2.27584,2.54097,2.55959,2.48135
10.0501,2.27548,2.54184,2.55965,2.48049
10.0601,2.27513,2.54271,2.55968,2.47963
10.0701,2.27478,2.54358,2.55971,2.4788
10.0825,2.27445,2.54445,2.55971,2.47798
10.0901,2.27412,2.54535,2.55971,2.47714
10.1001,2.2738,2.54628,2.5597,2.47629
10.1101,2.27348,2.54717,2.55968,2.47544
10.1201,2.27315,2.54804,2.55965,2.4746
10.1301,2.27285,2.54895,2.55962,2.47375
10.1401,2.27254,2.54985,2.55957,2.47289
10.1501,2.27225,2.55078,2.55949,2.47203
10.1601,2.27194,2.55171,2.55945,2.47119
10.1701,2.27166,2.5526,2.55938,2.47035
10.1801,2.27138,2.55351,2.55928,2.46951
10.1901,2.2711,2.55441,2.55916,2.46869
10.2001,2.27083,2.55534,2.55907,2.46787
10.2101,2.27056,2.55626,2.55891,2.46703
10.2201,2.27029,2.55718,2.55879,2.4662
10.2301,2.27002,2.55812,2.55864,2.46536
10.2401,2.26974,2.55903,2.55847,2.46453
10.2501,2.26948,2.55994,2.55832,2.46369
10.2601,2.26924,2.56085,2.55816,2.46285
10.2705,2.269,2.56176,2.55799,2.46201
10.2825,2.26874,2.56269,2.55781,2.46117
10.2901,2.26848,2.56363,2.55761,2.46032
10.3001,2.26825,2.56455,2.55742,2.45949
10.3101,2.26803,2.5655,2.55719,2.45865
10.3201,2.26779,2.56642,2.55696,2.45783
10.3301,2.26755,2.56734,2.55673,2.45703
10.3401,2.26731,2.56826,2.55648,2.45623
10.3501,2.26709,2.5692,2.55622,2.45543
10.3601,2.26687,2.57012,2.55596,2.45461
10.3705,2.26665,2.57106,2.55569,2.45382
10.3801,2.26646,2.57199,2.55539,2.45301
10.3901,2.26627,2.57292,2.55508,2.4522
10.4001,2.26608,2.57383,2.55477,2.45142
10.4101,2.26589,2.57477,2.55446,2.45064
10.4201,2.26571,2.57571,2.55411,2.44987
10.4302,2.26553,2.57665,2.55375,2.4491
10.4401,2.26536,2.57758,2.55341,2.4483
10.4501,2.26518,2.57851,2.55305,2.44755
10.4601,2.26502,2.57943,2.55265,2.44679
10.4701,2.26484,2.58036,2.55227,2.44605
10.4801,2.2647,2.58127,2.55187,2.44533
10.4901,2.26457,2.58221,2.5515,2.44459
10.5001,2.26444,2.58314,2.55107,2.44386
10.5101,2.26429,2.58408,2.55065,2.44314
10.5201,2.26412,2.58503,2.55022,2.44243
10.5301,2.26399,2.58597,2.54977,2.44176
10.5401,2.26387,2.58692,2.54931,2.44107
10.5501,2.26376,2.58786,2.54885,2.44037
10.5601,2.26366,2.58879,2.54836,2.43969
10.5701,2.26357,2.58968,2.54784,2.43903
10.5801,2.26346,2.59058,2.54732,2.43839
10.5901,2.26334,2.59147,2.54678,2.43771
10.6001,2.26324,2.59238,2.54622,2.43706
10.6101,2.26314,2.59331,2.54568,2.4364
10.6201,2.26303,2.59421,2.54514,2.43576
10.6301,2.26294,2.59513,2.54459,2.43514
10.6401,2.26286,2.59608,2.54401,2.43454
10.6501,2.26279,2.59697,2.54344,2.43392
10.6601,2.26274,2.59786,2.54286,2.43335
10.6701,2.26269,2.59878,2.54226,2.43277
10.6801,2.26263,2.59968,2.54167,2.4322
10.6901,2.26257,2.60058,2.54108,2.43163
10.7001,2.26252,2.60148,2.54048,2.43109
10.7101,2.26246,2.60239,2.53989,2.43056
10.7201,2.2624,2.60327,2.53924,2.43006
10.7301,2.26235,2.60416,2.53858,2.42954
10.7401,2.26232,2.60505,2.5379,2.42905
10.7501,2.26232,2.60596,2.5372,2.42856
10.7601,2.26229,2.60685,2.53652,2.42809
10.7701,2.26229,2.60771,2.53583,2.42762
10.7801,2.26227,2.60861,2.53512,2.42718
10.7901,2.26227,2.6095,2.53441,2.42673
10.8001,2.2623,2.61039,2.53369,2.4263
10.8101,2.26232,2.61129,2.53296,2.42587
10.8201,2.26234,2.61213,2.53224,2.42546
10.8301,2.26237,2.613,2.53149,2.42506
10.8401,2.26243,2.61387,2.53073,2.4247
10.8501,2.26244,2.61473,2.52996,2.42432
10.8601,2.26247,2.61561,2.52923,2.42398
10.8701,2.2625,2.61647,2.52845,2.42366
10.8801,2.26254,2.61734,2.52766,2.42335
10.8901,2.26258,2.6182,2.52686,2.42304
10.9001,2.26262,2.61902,2.52605,2.42276
10.9101,2.26268,2.61989,2.52522,2.4225
10.9201,2.26275,2.62071,2.52439,2.42223
10.9301,2.26282,2.62154,2.52358,2.42197
10.9401,2.26288,2.62241,2.52276,2.42173
10.9501,2.26296,2.62325,2.52189,2.42149
10.9601,2.26302,2.62406,2.52104,2.42128
10.9701,2.2631,2.6249,2.52019,2.42109
10.9801,2.26319,2.62572,2.51934,2.42091
10.9901,2.26329,2.62655,2.51848,2.42074
11.0001,2.26339,2.62737,2.51761,2.42059
11.0101,2.26349,2.62817,2.51673,2.42046
11.0201,2.26361,2.62898,2.51586,2.42035
11.0301,2.26372,2.6298,2.515,2.42023
11.0401,2.26382,2.63057,2.5141,2.42011
11.0501,2.26393,2.63136,2.51321,2.42006
11.0601,2.26408,2.63214,2.51232,2.41997
11.0701,2.26421,2.63289,2.5114,2.41992
11.0801,2.26436,2.63368,2.51046,2.41988
11.0901,2.26451,2.63447,2.50952,2.41984
11.1001,2.26469,2.63525,2.50856,2.41985
11.1101,2.26485,2.636,2.50758,2.41987
11.1201,2.26502,2.63675,2.50663,2.41992
11.1302,2.26521,2.63753,2.50566,2.41997
11.1401,2.26539,2.6383,2.50466,2.41999
11.1501,2.26557,2.63905,2.5037,2.42005
11.1601,2.26578,2.63981,2.50274,2.42013
11.1701,2.26601,2.64056,2.50176,2.42022
11.1801,2.26623,2.64128,2.50079,2.42036
11.1901,2.26642,2.64198,2.4998,2.42052
